{
  "metadata": {
    "commit_id": "df5e4a10170efede1e56c09a029ca4d906e5856a",
    "git_label": "v0.2.8-84-gdf5e4a10",
    "model": "llama-3.3-70b-instruct",
    "knowledge_graph_files": "..\\knowledge-graph\\velektronik-graph-clean\\abox-en.ttl.gz ..\\knowledge-graph\\velektronik-graph-clean\\tbox.ttl"
  },
  "subjects": {
    "two triple patterns": {
      "dataset_metrics": {
        "total_queries": 14,
        "evaluated_queries": 14,
        "success_count": 12,
        "failure_count": 2
      },
      "performance_metrics": {
        "em": 0.5,
        "f1": 0.5884353741496599,
        "recall": 0.6071428571428571,
        "precision": 0.6,
        "success_only": {
          "em": 0.5833333333333334,
          "f1": 0.6865079365079364,
          "recall": 0.7083333333333334,
          "precision": 0.7000000000000001,
          "count": 12
        },
        "failure_only": {
          "em": 0.0,
          "f1": 0.0,
          "recall": 0.0,
          "precision": 0.0,
          "count": 2
        }
      },
      "query_metrics": {
        "unparsable_sparql_queries": 0,
        "unavailable_sparql_queries": 0
      },
      "state_metrics": {
        "success": 12,
        "fail": 2,
        "init": 0,
        "error_api": 0,
        "unknown": 0,
        "success_rate": 0.8571428571428571,
        "failure_rate": 0.14285714285714285
      },
      "resource_metrics": {
        "avg_tokens_in": 25719.785714285714,
        "avg_tokens_out": 671.3571428571429,
        "avg_elapsed_time": 42138.21428571428,
        "avg_iteration": 5.214285714285714,
        "count": 14
      }
    },
    "one triple pattern": {
      "dataset_metrics": {
        "total_queries": 14,
        "evaluated_queries": 14,
        "success_count": 13,
        "failure_count": 1
      },
      "performance_metrics": {
        "em": 0.6428571428571429,
        "f1": 0.6763224181360201,
        "recall": 0.7142857142857143,
        "precision": 0.6647086466165414,
        "success_only": {
          "em": 0.6923076923076923,
          "f1": 0.7283472195310986,
          "recall": 0.7692307692307693,
          "precision": 0.7158400809716599,
          "count": 13
        },
        "failure_only": {
          "em": 0.0,
          "f1": 0.0,
          "recall": 0.0,
          "precision": 0.0,
          "count": 1
        }
      },
      "query_metrics": {
        "unparsable_sparql_queries": 0,
        "unavailable_sparql_queries": 0
      },
      "state_metrics": {
        "success": 13,
        "fail": 1,
        "init": 0,
        "error_api": 0,
        "unknown": 0,
        "success_rate": 0.9285714285714286,
        "failure_rate": 0.07142857142857142
      },
      "resource_metrics": {
        "avg_tokens_in": 25900.85714285714,
        "avg_tokens_out": 645.5,
        "avg_elapsed_time": 40583.0,
        "avg_iteration": 5.285714285714286,
        "count": 14
      }
    },
    "four triple patterns": {
      "dataset_metrics": {
        "total_queries": 7,
        "evaluated_queries": 7,
        "success_count": 1,
        "failure_count": 6
      },
      "performance_metrics": {
        "em": 0.0,
        "f1": 0.025974025974025976,
        "recall": 0.14285714285714285,
        "precision": 0.014285714285714287,
        "success_only": {
          "em": 0.0,
          "f1": 0.18181818181818182,
          "recall": 1.0,
          "precision": 0.1,
          "count": 1
        },
        "failure_only": {
          "em": 0.0,
          "f1": 0.0,
          "recall": 0.0,
          "precision": 0.0,
          "count": 6
        }
      },
      "query_metrics": {
        "unparsable_sparql_queries": 0,
        "unavailable_sparql_queries": 0
      },
      "state_metrics": {
        "success": 1,
        "fail": 6,
        "init": 0,
        "error_api": 0,
        "unknown": 0,
        "success_rate": 0.14285714285714285,
        "failure_rate": 0.8571428571428571
      },
      "resource_metrics": {
        "avg_tokens_in": 48059.42857142857,
        "avg_tokens_out": 1154.5714285714287,
        "avg_elapsed_time": 81327.57142857143,
        "avg_iteration": 6.285714285714286,
        "count": 7
      }
    },
    "keyfigure": {
      "dataset_metrics": {
        "total_queries": 15,
        "evaluated_queries": 15,
        "success_count": 9,
        "failure_count": 6
      },
      "performance_metrics": {
        "em": 0.0,
        "f1": 0.012121212121212121,
        "recall": 0.06666666666666667,
        "precision": 0.006666666666666667,
        "success_only": {
          "em": 0.0,
          "f1": 0.020202020202020204,
          "recall": 0.1111111111111111,
          "precision": 0.011111111111111112,
          "count": 9
        },
        "failure_only": {
          "em": 0.0,
          "f1": 0.0,
          "recall": 0.0,
          "precision": 0.0,
          "count": 6
        }
      },
      "query_metrics": {
        "unparsable_sparql_queries": 0,
        "unavailable_sparql_queries": 0
      },
      "state_metrics": {
        "success": 9,
        "fail": 6,
        "init": 0,
        "error_api": 0,
        "unknown": 0,
        "success_rate": 0.6,
        "failure_rate": 0.4
      },
      "resource_metrics": {
        "avg_tokens_in": 32515.266666666666,
        "avg_tokens_out": 902.3333333333334,
        "avg_elapsed_time": 60437.666666666664,
        "avg_iteration": 5.733333333333333,
        "count": 15
      }
    },
    "three triple patterns": {
      "dataset_metrics": {
        "total_queries": 23,
        "evaluated_queries": 23,
        "success_count": 12,
        "failure_count": 11
      },
      "performance_metrics": {
        "em": 0.17391304347826086,
        "f1": 0.20971867007672634,
        "recall": 0.20434782608695654,
        "precision": 0.21739130434782608,
        "success_only": {
          "em": 0.3333333333333333,
          "f1": 0.40196078431372545,
          "recall": 0.39166666666666666,
          "precision": 0.4166666666666667,
          "count": 12
        },
        "failure_only": {
          "em": 0.0,
          "f1": 0.0,
          "recall": 0.0,
          "precision": 0.0,
          "count": 11
        }
      },
      "query_metrics": {
        "unparsable_sparql_queries": 0,
        "unavailable_sparql_queries": 0
      },
      "state_metrics": {
        "success": 12,
        "fail": 11,
        "init": 0,
        "error_api": 0,
        "unknown": 0,
        "success_rate": 0.5217391304347826,
        "failure_rate": 0.4782608695652174
      },
      "resource_metrics": {
        "avg_tokens_in": 36399.260869565216,
        "avg_tokens_out": 937.3913043478261,
        "avg_elapsed_time": 62544.52173913043,
        "avg_iteration": 5.869565217391305,
        "count": 23
      }
    },
    "geo": {
      "dataset_metrics": {
        "total_queries": 14,
        "evaluated_queries": 14,
        "success_count": 8,
        "failure_count": 6
      },
      "performance_metrics": {
        "em": 0.2857142857142857,
        "f1": 0.39215686274509803,
        "recall": 0.37142857142857144,
        "precision": 0.42857142857142855,
        "success_only": {
          "em": 0.5,
          "f1": 0.6862745098039216,
          "recall": 0.65,
          "precision": 0.75,
          "count": 8
        },
        "failure_only": {
          "em": 0.0,
          "f1": 0.0,
          "recall": 0.0,
          "precision": 0.0,
          "count": 6
        }
      },
      "query_metrics": {
        "unparsable_sparql_queries": 0,
        "unavailable_sparql_queries": 0
      },
      "state_metrics": {
        "success": 8,
        "fail": 6,
        "init": 0,
        "error_api": 0,
        "unknown": 0,
        "success_rate": 0.5714285714285714,
        "failure_rate": 0.42857142857142855
      },
      "resource_metrics": {
        "avg_tokens_in": 36079.0,
        "avg_tokens_out": 996.8571428571429,
        "avg_elapsed_time": 63458.857142857145,
        "avg_iteration": 6.142857142857143,