{
  "metadata": {
    "commit_id": "5e507554e7591bf3e1500b8f32ab0205253aa1ca",
    "git_label": "v0.2.8-91-g5e507554",
    "model": "llama-3.3-70b-instruct",
    "knowledge_graph_files": "..\\knowledge-graph\\velektronik-graph-clean\\abox-en.ttl.gz ..\\knowledge-graph\\velektronik-graph-clean\\tbox.ttl"
  },
  "dataset_metrics": {
    "dataset_size": 58,
    "evaluation_size": 58,
    "success_count": 29,
    "failure_count": 29
  },
  "performance_metrics": {
    "success": {
      "em": 0.2413793103448276,
      "f1": 0.2678280992861474,
      "recall": 0.3369981675828752,
      "precision": 0.28358739558243723
    },
    "overall": {
      "em": 0.2413793103448276,
      "f1": 0.2678280992861474,
      "recall": 0.3369981675828752,
      "precision": 0.28358739558243723
    },
    "success_only": {
      "em": 0.4827586206896552,
      "f1": 0.5147575569839982,
      "recall": 0.6590038314176245,
      "precision": 0.5326920325441847
    },
    "failure_only": {
      "em": 0.0,
      "f1": 0.02089864158829676,
      "recall": 0.014992503748125937,
      "precision": 0.034482758620689655
    }
  },
  "query_metrics": {
    "unparsable_sparql_queries": 0,
    "unavailable_sparql_queries": 0
  },
  "state_metrics": {
    "success": 29,
    "fail": 29,
    "init": 0,
    "error_api": 0,
    "unknown": 0,
    "success_rate": 0.5,
    "failure_rate": 0.5
  },
  "resource_metrics": {
    "avg_tokens_in": 46923.06896551724,
    "avg_tokens_out": 862.6206896551724,
    "avg_elapsed_time": 83502.93103448275,
    "avg_iteration": 6.017241379310345
  }
}