{
  "metadata": {
    "commit_id": "5e507554e7591bf3e1500b8f32ab0205253aa1ca",
    "git_label": "v0.2.8-91-g5e507554",
    "model": "llama-3.3-70b-instruct",
    "knowledge_graph_files": "..\\knowledge-graph\\velektronik-graph-clean\\abox-en.ttl.gz ..\\knowledge-graph\\velektronik-graph-clean\\tbox.ttl"
  },
  "subjects": {
    "two triple patterns": {
      "dataset_metrics": {
        "total_queries": 14,
        "evaluated_queries": 14,
        "success_count": 11,
        "failure_count": 3
      },
      "performance_metrics": {
        "em": 0.35714285714285715,
        "f1": 0.35714285714285715,
        "recall": 0.35714285714285715,
        "precision": 0.35714285714285715,
        "success_only": {
          "em": 0.45454545454545453,
          "f1": 0.45454545454545453,
          "recall": 0.45454545454545453,
          "precision": 0.45454545454545453,
          "count": 11
        },
        "failure_only": {
          "em": 0.0,
          "f1": 0.0,
          "recall": 0.0,
          "precision": 0.0,
          "count": 3
        }
      },
      "query_metrics": {
        "unparsable_sparql_queries": 0,
        "unavailable_sparql_queries": 0
      },
      "state_metrics": {
        "success": 11,
        "fail": 3,
        "init": 0,
        "error_api": 0,
        "unknown": 0,
        "success_rate": 0.7857142857142857,
        "failure_rate": 0.21428571428571427
      },
      "resource_metrics": {
        "avg_tokens_in": 43333.857142857145,
        "avg_tokens_out": 802.4285714285714,
        "avg_elapsed_time": 79826.5,
        "avg_iteration": 6.285714285714286,
        "count": 14
      }
    },
    "one triple pattern": {
      "dataset_metrics": {
        "total_queries": 14,
        "evaluated_queries": 14,
        "success_count": 11,
        "failure_count": 3
      },
      "performance_metrics": {
        "em": 0.5,
        "f1": 0.5359949516594972,
        "recall": 0.7142857142857143,
        "precision": 0.5231156545620995,
        "success_only": {
          "em": 0.6363636363636364,
          "f1": 0.6821753930211781,
          "recall": 0.9090909090909091,
          "precision": 0.665783560351763,
          "count": 11
        },
        "failure_only": {
          "em": 0.0,
          "f1": 0.0,
          "recall": 0.0,
          "precision": 0.0,
          "count": 3
        }
      },
      "query_metrics": {
        "unparsable_sparql_queries": 0,
        "unavailable_sparql_queries": 0
      },
      "state_metrics": {
        "success": 11,
        "fail": 3,
        "init": 0,
        "error_api": 0,
        "unknown": 0,
        "success_rate": 0.7857142857142857,
        "failure_rate": 0.21428571428571427
      },
      "resource_metrics": {
        "avg_tokens_in": 33732.5,
        "avg_tokens_out": 588.5714285714286,
        "avg_elapsed_time": 54978.142857142855,
        "avg_iteration": 4.857142857142857,
        "count": 14
      }
    },
    "four triple patterns": {
      "dataset_metrics": {
        "total_queries": 7,
        "evaluated_queries": 7,
        "success_count": 1,
        "failure_count": 6
      },
      "performance_metrics": {
        "em": 0.0,
        "f1": 0.0019305019305019303,
        "recall": 0.14285714285714285,
        "precision": 0.0009718172983479105,
        "success_only": {
          "em": 0.0,
          "f1": 0.013513513513513513,
          "recall": 1.0,
          "precision": 0.006802721088435374,
          "count": 1
        },
        "failure_only": {
          "em": 0.0,
          "f1": 0.0,
          "recall": 0.0,
          "precision": 0.0,
          "count": 6
        }
      },
      "query_metrics": {
        "unparsable_sparql_queries": 0,
        "unavailable_sparql_queries": 0
      },
      "state_metrics": {
        "success": 1,
        "fail": 6,
        "init": 0,
        "error_api": 0,
        "unknown": 0,
        "success_rate": 0.14285714285714285,
        "failure_rate": 0.8571428571428571
      },
      "resource_metrics": {
        "avg_tokens_in": 44013.71428571428,
        "avg_tokens_out": 869.0,
        "avg_elapsed_time": 81178.28571428571,
        "avg_iteration": 6.0,
        "count": 7
      }
    },
    "keyfigure": {
      "dataset_metrics": {
        "total_queries": 15,
        "evaluated_queries": 15,
        "success_count": 2,
        "failure_count": 13
      },
      "performance_metrics": {
        "em": 0.06666666666666667,
        "f1": 0.06666666666666667,
        "recall": 0.06666666666666667,
        "precision": 0.06666666666666667,
        "success_only": {
          "em": 0.5,
          "f1": 0.5,
          "recall": 0.5,
          "precision": 0.5,
          "count": 2
        },
        "failure_only": {
          "em": 0.0,
          "f1": 0.0,
          "recall": 0.0,
          "precision": 0.0,
          "count": 13
        }
      },
      "query_metrics": {
        "unparsable_sparql_queries": 0,
        "unavailable_sparql_queries": 0
      },
      "state_metrics": {
        "success": 2,
        "fail": 13,
        "init": 0,
        "error_api": 0,
        "unknown": 0,
        "success_rate": 0.13333333333333333,
        "failure_rate": 0.8666666666666667
      },
      "resource_metrics": {
        "avg_tokens_in": 52938.13333333333,
        "avg_tokens_out": 1002.8,
        "avg_elapsed_time": 99352.26666666666,
        "avg_iteration": 6.6,
        "count": 15
      }
    },
    "three triple patterns": {
      "dataset_metrics": {
        "total_queries": 23,
        "evaluated_queries": 23,
        "success_count": 6,
        "failure_count": 17
      },
      "performance_metrics": {
        "em": 0.08695652173913043,
        "f1": 0.1311559531239165,
        "recall": 0.15416929216551145,
        "precision": 0.17902813299232734,
        "success_only": {
          "em": 0.3333333333333333,
          "f1": 0.40175438596491225,
          "recall": 0.5185185185185185,
          "precision": 0.5196078431372549,
          "count": 6
        },
        "failure_only": {
          "em": 0.0,
          "f1": 0.035650623885918005,
          "recall": 0.02557544757033248,
          "precision": 0.058823529411764705,
          "count": 17
        }
      },
      "query_metrics": {
        "unparsable_sparql_queries": 0,
        "unavailable_sparql_queries": 0
      },
      "state_metrics": {
        "success": 6,
        "fail": 17,
        "init": 0,
        "error_api": 0,
        "unknown": 0,
        "success_rate": 0.2608695652173913,
        "failure_rate": 0.7391304347826086
      },
      "resource_metrics": {
        "avg_tokens_in": 58022.30434782609,
        "avg_tokens_out": 1064.1304347826087,
        "avg_elapsed_time": 103811.17391304347,
        "avg_iteration": 6.565217391304348,
        "count": 23
      }
    },
    "geo": {
      "dataset_metrics": {
        "total_queries": 14,
        "evaluated_queries": 14,
        "success_count": 9,
        "failure_count": 5
      },
      "performance_metrics": {
        "em": 0.21428571428571427,
        "f1": 0.27261335156072,
        "recall": 0.3167701863354037,
        "precision": 0.2941176470588235,
        "success_only": {
          "em": 0.3333333333333333,
          "f1": 0.3567251461988304,
          "recall": 0.4444444444444444,
          "precision": 0.3464052287581699,
          "count": 9
        },
        "failure_only": {
          "em": 0.0,
          "f1": 0.12121212121212122,
          "recall": 0.08695652173913043,
          "precision": 0.2,
          "count": 5
        }
      },
      "query_metrics": {
        "unparsable_sparql_queries": 0,
        "unavailable_sparql_queries": 0
      },
      "state_metrics": {
        "success": 9,
        "fail": 5,
        "init": 0,
        "error_api": 0,
        "unknown": 0,
        "success_rate": 0.6428571428571429,
        "failure_rate": 0.35714285714285715
      },
      "resource_metrics": {
        "avg_tokens_in": 46106.5,