{
  "metadata": {
    "commit_id": "5e507554e7591bf3e1500b8f32ab0205253aa1ca",
    "git_label": "v0.2.8-91-g5e507554",
    "model": "llama-3.3-70b-instruct",
    "knowledge_graph_files": "..\\knowledge-graph\\velektronik-graph-clean\\abox-en.ttl.gz ..\\knowledge-graph\\velektronik-graph-clean\\tbox.ttl"
  },
  "dataset_metrics": {
    "dataset_size": 58,
    "evaluation_size": 56,
    "success_count": 36,
    "failure_count": 20
  },
  "performance_metrics": {
    "success": {
      "em": 0.35714285714285715,
      "f1": 0.41753855551797353,
      "recall": 0.4466836734693877,
      "precision": 0.42564379983968503
    },
    "overall": {
      "em": 0.3448275862068966,
      "f1": 0.4031406742932159,
      "recall": 0.4312807881773399,
      "precision": 0.41096642743142003
    },
    "success_only": {
      "em": 0.5277777777777778,
      "f1": 0.6217266419168478,
      "recall": 0.667063492063492,
      "precision": 0.6343347997506211
    },
    "failure_only": {
      "em": 0.05,
      "f1": 0.05,
      "recall": 0.05,
      "precision": 0.05
    }
  },
  "query_metrics": {
    "unparsable_sparql_queries": 1,
    "unavailable_sparql_queries": 1
  },
  "state_metrics": {
    "success": 37,
    "fail": 21,
    "init": 0,
    "error_api": 0,
    "unknown": 0,
    "success_rate": 0.6379310344827587,
    "failure_rate": 0.3620689655172414
  },
  "resource_metrics": {
    "avg_tokens_in": 38387.67857142857,
    "avg_tokens_out": 800.1964285714286,
    "avg_elapsed_time": 85986.82142857143,
    "avg_iteration": 5.428571428571429
  }
}