{
  "metadata": {
    "commit_id": "5e507554e7591bf3e1500b8f32ab0205253aa1ca",
    "git_label": "v0.2.8-91-g5e507554",
    "model": "llama-3.3-70b-instruct",
    "knowledge_graph_files": "..\\knowledge-graph\\velektronik-graph-clean\\abox-en.ttl.gz ..\\knowledge-graph\\velektronik-graph-clean\\tbox.ttl"
  },
  "subjects": {
    "two triple patterns": {
      "dataset_metrics": {
        "total_queries": 14,
        "evaluated_queries": 14,
        "success_count": 13,
        "failure_count": 1
      },
      "performance_metrics": {
        "em": 0.2857142857142857,
        "f1": 0.4451205980540691,
        "recall": 0.5357142857142857,
        "precision": 0.45494518253138944,
        "success_only": {
          "em": 0.3076923076923077,
          "f1": 0.47936064405822826,
          "recall": 0.5769230769230769,
          "precision": 0.48994096580303476,
          "count": 13
        },
        "failure_only": {
          "em": 0.0,
          "f1": 0.0,
          "recall": 0.0,
          "precision": 0.0,
          "count": 1
        }
      },
      "query_metrics": {
        "unparsable_sparql_queries": 0,
        "unavailable_sparql_queries": 0
      },
      "state_metrics": {
        "success": 13,
        "fail": 1,
        "init": 0,
        "error_api": 0,
        "unknown": 0,
        "success_rate": 0.9285714285714286,
        "failure_rate": 0.07142857142857142
      },
      "resource_metrics": {
        "avg_tokens_in": 36223.57142857143,
        "avg_tokens_out": 714.7142857142857,
        "avg_elapsed_time": 56267.42857142857,
        "avg_iteration": 5.642857142857143,
        "count": 14
      }
    },
    "one triple pattern": {
      "dataset_metrics": {
        "total_queries": 14,
        "evaluated_queries": 14,
        "success_count": 12,
        "failure_count": 1
      },
      "performance_metrics": {
        "em": 0.7142857142857143,
        "f1": 0.7496224805190519,
        "recall": 0.8571428571428571,
        "precision": 0.7370853849224831,
        "success_only": {
          "em": 0.8333333333333334,
          "f1": 0.8745595606055606,
          "recall": 1.0,
          "precision": 0.8599329490762303,
          "count": 12
        },
        "failure_only": {
          "em": 0.0,
          "f1": 0.0,
          "recall": 0.0,
          "precision": 0.0,
          "count": 1
        }
      },
      "query_metrics": {
        "unparsable_sparql_queries": 0,
        "unavailable_sparql_queries": 0
      },
      "state_metrics": {
        "success": 12,
        "fail": 1,
        "init": 0,
        "error_api": 0,
        "unknown": 1,
        "success_rate": 0.8571428571428571,
        "failure_rate": 0.07142857142857142
      },
      "resource_metrics": {
        "avg_tokens_in": 26887.714285714286,
        "avg_tokens_out": 555.5714285714286,
        "avg_elapsed_time": 43341.92857142857,
        "avg_iteration": 4.428571428571429,
        "count": 14
      }
    },
    "four triple patterns": {
      "dataset_metrics": {
        "total_queries": 7,
        "evaluated_queries": 7,
        "success_count": 2,
        "failure_count": 4
      },
      "performance_metrics": {
        "em": 0.0,
        "f1": 0.0,
        "recall": 0.0,
        "precision": 0.0,
        "success_only": {
          "em": 0.0,
          "f1": 0.0,
          "recall": 0.0,
          "precision": 0.0,
          "count": 2
        },
        "failure_only": {
          "em": 0.0,
          "f1": 0.0,
          "recall": 0.0,
          "precision": 0.0,
          "count": 4
        }
      },
      "query_metrics": {
        "unparsable_sparql_queries": 0,
        "unavailable_sparql_queries": 0
      },
      "state_metrics": {
        "success": 2,
        "fail": 4,
        "init": 0,
        "error_api": 0,
        "unknown": 1,
        "success_rate": 0.2857142857142857,
        "failure_rate": 0.5714285714285714
      },
      "resource_metrics": {
        "avg_tokens_in": 60855.57142857143,
        "avg_tokens_out": 1016.5714285714286,
        "avg_elapsed_time": 78537.28571428571,
        "avg_iteration": 7.0,
        "count": 7
      }
    },
    "keyfigure": {
      "dataset_metrics": {
        "total_queries": 15,
        "evaluated_queries": 15,
        "success_count": 7,
        "failure_count": 8
      },
      "performance_metrics": {
        "em": 0.06666666666666667,
        "f1": 0.06666666666666667,
        "recall": 0.06666666666666667,
        "precision": 0.06666666666666667,
        "success_only": {
          "em": 0.14285714285714285,
          "f1": 0.14285714285714285,
          "recall": 0.14285714285714285,
          "precision": 0.14285714285714285,
          "count": 7
        },
        "failure_only": {
          "em": 0.0,
          "f1": 0.0,
          "recall": 0.0,
          "precision": 0.0,
          "count": 8
        }
      },
      "query_metrics": {
        "unparsable_sparql_queries": 0,
        "unavailable_sparql_queries": 0
      },
      "state_metrics": {
        "success": 7,
        "fail": 8,
        "init": 0,
        "error_api": 0,
        "unknown": 0,
        "success_rate": 0.4666666666666667,
        "failure_rate": 0.5333333333333333
      },
      "resource_metrics": {
        "avg_tokens_in": 46999.6,
        "avg_tokens_out": 1033.6,
        "avg_elapsed_time": 78894.93333333333,
        "avg_iteration": 6.6,
        "count": 15
      }
    },
    "three triple patterns": {
      "dataset_metrics": {
        "total_queries": 23,
        "evaluated_queries": 23,
        "success_count": 11,
        "failure_count": 12
      },
      "performance_metrics": {
        "em": 0.08695652173913043,
        "f1": 0.16669872538940292,
        "recall": 0.23188405797101452,
        "precision": 0.1604911829799386,
        "success_only": {
          "em": 0.18181818181818182,
          "f1": 0.34855188035966067,
          "recall": 0.4848484848484849,
          "precision": 0.335572473503508,
          "count": 11
        },
        "failure_only": {
          "em": 0.0,
          "f1": 0.0,
          "recall": 0.0,
          "precision": 0.0,
          "count": 12
        }
      },
      "query_metrics": {
        "unparsable_sparql_queries": 0,
        "unavailable_sparql_queries": 0
      },
      "state_metrics": {
        "success": 11,
        "fail": 12,
        "init": 0,
        "error_api": 0,
        "unknown": 0,
        "success_rate": 0.4782608695652174,
        "failure_rate": 0.5217391304347826
      },
      "resource_metrics": {
        "avg_tokens_in": 53677.69565217391,
        "avg_tokens_out": 956.8695652173913,
        "avg_elapsed_time": 77878.91304347826,
        "avg_iteration": 6.304347826086956,
        "count": 23
      }
    },
    "geo": {
      "dataset_metrics": {
        "total_queries": 14,
        "evaluated_queries": 14,
        "success_count": 11,
        "failure_count": 3
      },
      "performance_metrics": {
        "em": 0.14285714285714285,
        "f1": 0.2709709381901235,
        "recall": 0.39285714285714285,
        "precision": 0.28861865191914454,
        "success_only": {
          "em": 0.18181818181818182,
          "f1": 0.3448721031510663,
          "recall": 0.5,
          "precision": 0.36733282971527487,
          "count": 11
        },
        "failure_only": {
          "em": 0.0,
          "f1": 0.0,
          "recall": 0.0,
          "precision": 0.0,
          "count": 3
        }
      },
      "query_metrics": {
        "unparsable_sparql_queries": 0,
        "unavailable_sparql_queries": 0
      },
      "state_metrics": {
        "success": 11,
        "fail": 3,
        "init": 0,
        "error_api": 0,
        "unknown": 0,
        "success_rate": 0.7857142857142857,
        "failure_rate": 0.21428571428571427
      },
      "resource_metrics": {
        "avg_tokens_in": 42248.78571428572,
        "avg_tokens_out": 813.1428571428571,
        "avg_elapsed_time": 64409.0,
        "avg_iteration": 6.0,