{
  "metadata": {
    "commit_id": "5e507554e7591bf3e1500b8f32ab0205253aa1ca",
    "git_label": "v0.2.8-91-g5e507554",
    "model": "llama-3.3-70b-instruct",
    "knowledge_graph_files": "..\\knowledge-graph\\velektronik-graph-clean\\abox-en.ttl.gz ..\\knowledge-graph\\velektronik-graph-clean\\tbox.ttl"
  },
  "dataset_metrics": {
    "dataset_size": 58,
    "evaluation_size": 58,
    "success_count": 37,
    "failure_count": 21
  },
  "performance_metrics": {
    "success": {
      "em": 0.2413793103448276,
      "f1": 0.3210941278261107,
      "recall": 0.41178350916707535,
      "precision": 0.337903368250432
    },
    "overall": {
      "em": 0.2413793103448276,
      "f1": 0.3210941278261107,
      "recall": 0.41178350916707535,
      "precision": 0.337903368250432
    },
    "success_only": {
      "em": 0.3783783783783784,
      "f1": 0.503336740916606,
      "recall": 0.6454984738294695,
      "precision": 0.5296863610412178
    },
    "failure_only": {
      "em": 0.0,
      "f1": 0.0,
      "recall": 0.0,
      "precision": 0.0
    }
  },
  "query_metrics": {
    "unparsable_sparql_queries": 0,
    "unavailable_sparql_queries": 0
  },
  "state_metrics": {
    "success": 37,
    "fail": 21,
    "init": 0,
    "error_api": 0,
    "unknown": 0,
    "success_rate": 0.6379310344827587,
    "failure_rate": 0.3620689655172414
  },
  "resource_metrics": {
    "avg_tokens_in": 55410.137931034486,
    "avg_tokens_out": 787.8620689655172,
    "avg_elapsed_time": 70417.31034482758,
    "avg_iteration": 5.379310344827586
  }
}