{
  "metadata": {
    "commit_id": "a084b38e1d7b67039f0d60b14814ef1241c00fd7",
    "git_label": "v0.2.8-90-ga084b38e",
    "model": "llama-3.3-70b-instruct",
    "knowledge_graph_files": "..\\knowledge-graph\\velektronik-graph-clean\\abox-en.ttl.gz ..\\knowledge-graph\\velektronik-graph-clean\\tbox.ttl"
  },
  "subjects": {
    "two triple patterns": {
      "dataset_metrics": {
        "total_queries": 14,
        "evaluated_queries": 14,
        "success_count": 12,
        "failure_count": 2
      },
      "performance_metrics": {
        "em": 0.42857142857142855,
        "f1": 0.5170068027210885,
        "recall": 0.5714285714285714,
        "precision": 0.4928571428571429,
        "success_only": {
          "em": 0.5,
          "f1": 0.6031746031746031,
          "recall": 0.6666666666666666,
          "precision": 0.5750000000000001,
          "count": 12
        },
        "failure_only": {
          "em": 0.0,
          "f1": 0.0,
          "recall": 0.0,
          "precision": 0.0,
          "count": 2
        }
      },
      "query_metrics": {
        "unparsable_sparql_queries": 0,
        "unavailable_sparql_queries": 0
      },
      "state_metrics": {
        "success": 12,
        "fail": 2,
        "init": 0,
        "error_api": 0,
        "unknown": 0,
        "success_rate": 0.8571428571428571,
        "failure_rate": 0.14285714285714285
      },
      "resource_metrics": {
        "avg_tokens_in": 33761.142857142855,
        "avg_tokens_out": 851.7142857142857,
        "avg_elapsed_time": 66824.64285714286,
        "avg_iteration": 6.214285714285714,
        "count": 14
      }
    },
    "one triple pattern": {
      "dataset_metrics": {
        "total_queries": 14,
        "evaluated_queries": 14,
        "success_count": 11,
        "failure_count": 2
      },
      "performance_metrics": {
        "em": 0.42857142857142855,
        "f1": 0.5276529939729745,
        "recall": 0.6281874039938555,
        "precision": 0.5229049827437445,
        "success_only": {
          "em": 0.5454545454545454,
          "f1": 0.6715583559656039,
          "recall": 0.7995112414467251,
          "precision": 0.6655154325829477,
          "count": 11
        },
        "failure_only": {
          "em": 0.0,
          "f1": 0.0,
          "recall": 0.0,
          "precision": 0.0,
          "count": 2
        }
      },
      "query_metrics": {
        "unparsable_sparql_queries": 0,
        "unavailable_sparql_queries": 1
      },
      "state_metrics": {
        "success": 11,
        "fail": 2,
        "init": 0,
        "error_api": 0,
        "unknown": 1,
        "success_rate": 0.7857142857142857,
        "failure_rate": 0.14285714285714285
      },
      "resource_metrics": {
        "avg_tokens_in": 25129.923076923078,
        "avg_tokens_out": 676.4615384615385,
        "avg_elapsed_time": 55971.307692307695,
        "avg_iteration": 5.153846153846154,
        "count": 13
      }
    },
    "four triple patterns": {
      "dataset_metrics": {
        "total_queries": 7,
        "evaluated_queries": 7,
        "success_count": 2,
        "failure_count": 5
      },
      "performance_metrics": {
        "em": 0.14285714285714285,
        "f1": 0.14285714285714285,
        "recall": 0.14285714285714285,
        "precision": 0.14285714285714285,
        "success_only": {
          "em": 0.5,
          "f1": 0.5,
          "recall": 0.5,
          "precision": 0.5,
          "count": 2
        },
        "failure_only": {
          "em": 0.0,
          "f1": 0.0,
          "recall": 0.0,
          "precision": 0.0,
          "count": 5
        }
      },
      "query_metrics": {
        "unparsable_sparql_queries": 0,
        "unavailable_sparql_queries": 0
      },
      "state_metrics": {
        "success": 2,
        "fail": 5,
        "init": 0,
        "error_api": 0,
        "unknown": 0,
        "success_rate": 0.2857142857142857,
        "failure_rate": 0.7142857142857143
      },
      "resource_metrics": {
        "avg_tokens_in": 32977.857142857145,
        "avg_tokens_out": 862.4285714285714,
        "avg_elapsed_time": 73197.42857142857,
        "avg_iteration": 5.714285714285714,
        "count": 7
      }
    },
    "keyfigure": {
      "dataset_metrics": {
        "total_queries": 15,
        "evaluated_queries": 15,
        "success_count": 6,
        "failure_count": 9
      },
      "performance_metrics": {
        "em": 0.0,
        "f1": 0.0,
        "recall": 0.0,
        "precision": 0.0,
        "success_only": {
          "em": 0.0,
          "f1": 0.0,
          "recall": 0.0,
          "precision": 0.0,
          "count": 6
        },
        "failure_only": {
          "em": 0.0,
          "f1": 0.0,
          "recall": 0.0,
          "precision": 0.0,
          "count": 9
        }
      },
      "query_metrics": {
        "unparsable_sparql_queries": 0,
        "unavailable_sparql_queries": 0
      },
      "state_metrics": {
        "success": 6,
        "fail": 9,
        "init": 0,
        "error_api": 0,
        "unknown": 0,
        "success_rate": 0.4,
        "failure_rate": 0.6
      },
      "resource_metrics": {
        "avg_tokens_in": 32482.4,
        "avg_tokens_out": 847.4666666666667,
        "avg_elapsed_time": 69141.6,
        "avg_iteration": 6.133333333333334,
        "count": 15
      }
    },
    "three triple patterns": {
      "dataset_metrics": {
        "total_queries": 23,
        "evaluated_queries": 23,
        "success_count": 8,
        "failure_count": 14
      },
      "performance_metrics": {
        "em": 0.17391304347826086,
        "f1": 0.20971867007672634,
        "recall": 0.20434782608695654,
        "precision": 0.21739130434782608,
        "success_only": {
          "em": 0.5,
          "f1": 0.6029411764705882,
          "recall": 0.5875,
          "precision": 0.625,
          "count": 8
        },
        "failure_only": {
          "em": 0.0,
          "f1": 0.0,
          "recall": 0.0,
          "precision": 0.0,
          "count": 14
        }
      },
      "query_metrics": {
        "unparsable_sparql_queries": 1,
        "unavailable_sparql_queries": 0
      },
      "state_metrics": {
        "success": 8,
        "fail": 15,
        "init": 0,
        "error_api": 0,
        "unknown": 0,
        "success_rate": 0.34782608695652173,
        "failure_rate": 0.6521739130434783
      },
      "resource_metrics": {
        "avg_tokens_in": 31831.727272727272,
        "avg_tokens_out": 862.5,
        "avg_elapsed_time": 69334.04545454546,
        "avg_iteration": 5.909090909090909,
        "count": 22
      }
    },
    "geo": {
      "dataset_metrics": {
        "total_queries": 14,
        "evaluated_queries": 14,
        "success_count": 9,
        "failure_count": 5
      },
      "performance_metrics": {
        "em": 0.35714285714285715,
        "f1": 0.4635854341736695,
        "recall": 0.4785714285714286,
        "precision": 0.4642857142857143,
        "success_only": {
          "em": 0.5555555555555556,
          "f1": 0.7211328976034859,
          "recall": 0.7444444444444445,
          "precision": 0.7222222222222222,
          "count": 9
        },
        "failure_only": {
          "em": 0.0,
          "f1": 0.0,
          "recall": 0.0,
          "precision": 0.0,
          "count": 5
        }
      },
      "query_metrics": {
        "unparsable_sparql_queries": 0,
        "unavailable_sparql_queries": 0
      },
      "state_metrics": {
        "success": 9,
        "fail": 5,
        "init": 0,
        "error_api": 0,
        "unknown": 0,
        "success_rate": 0.6428571428571429,
        "failure_rate": 0.35714285714285715
      },
      "resource_metrics": {
        "avg_tokens_in": 31645.285714285714,
        "avg_tokens_out": 923.5,
        "avg_elapsed_time": 76376.78571428571,
        "avg_iteration": 6.285714285714286,
        "count": 14
      }
    },
    "supply": {
      "dataset_metrics": {
        "total_queries": 11,