{
  "metadata": {
    "commit_id": "9b6f0bcd1d005074f643fdb14a359bcef6a0438a",
    "git_label": "v0.2.8-79-g9b6f0bcd",
    "model": "llama-3.3-70b-instruct",
    "knowledge_graph_files": "..\\knowledge-graph\\velektronik-graph-clean\\abox-en.ttl.gz ..\\knowledge-graph\\velektronik-graph-clean\\tbox.ttl"
  },
  "subjects": {
    "two triple patterns": {
      "dataset_metrics": {
        "total_queries": 14,
        "evaluated_queries": 14,
        "success_count": 12,
        "failure_count": 2
      },
      "performance_metrics": {
        "em": 0.35714285714285715,
        "f1": 0.3979591836734694,
        "recall": 0.42857142857142855,
        "precision": 0.38571428571428573,
        "success_only": {
          "em": 0.4166666666666667,
          "f1": 0.46428571428571425,
          "recall": 0.5,
          "precision": 0.45,
          "count": 12
        },
        "failure_only": {
          "em": 0.0,
          "f1": 0.0,
          "recall": 0.0,
          "precision": 0.0,
          "count": 2
        }
      },
      "query_metrics": {
        "unparsable_sparql_queries": 0,
        "unavailable_sparql_queries": 0
      },
      "state_metrics": {
        "success": 12,
        "fail": 2,
        "init": 0,
        "error_api": 0,
        "unknown": 0,
        "success_rate": 0.8571428571428571,
        "failure_rate": 0.14285714285714285
      },
      "resource_metrics": {
        "avg_tokens_in": 23318.85714285714,
        "avg_tokens_out": 761.2142857142857,
        "avg_elapsed_time": 57613.71428571428,
        "avg_iteration": 5.714285714285714,
        "count": 14
      }
    },
    "one triple pattern": {
      "dataset_metrics": {
        "total_queries": 14,
        "evaluated_queries": 14,
        "success_count": 9,
        "failure_count": 2
      },
      "performance_metrics": {
        "em": 0.42857142857142855,
        "f1": 0.46434085131574365,
        "recall": 0.5714285714285714,
        "precision": 0.45159389251818066,
        "success_only": {
          "em": 0.6666666666666666,
          "f1": 0.7223079909356013,
          "recall": 0.8888888888888888,
          "precision": 0.7024793883616144,
          "count": 9
        },
        "failure_only": {
          "em": 0.0,
          "f1": 0.0,
          "recall": 0.0,
          "precision": 0.0,
          "count": 2
        }
      },
      "query_metrics": {
        "unparsable_sparql_queries": 0,
        "unavailable_sparql_queries": 2
      },
      "state_metrics": {
        "success": 11,
        "fail": 2,
        "init": 0,
        "error_api": 0,
        "unknown": 1,
        "success_rate": 0.7857142857142857,
        "failure_rate": 0.14285714285714285
      },
      "resource_metrics": {
        "avg_tokens_in": 28864.666666666668,
        "avg_tokens_out": 688.8333333333334,
        "avg_elapsed_time": 57604.75,
        "avg_iteration": 4.916666666666667,
        "count": 12
      }
    },
    "four triple patterns": {
      "dataset_metrics": {
        "total_queries": 7,
        "evaluated_queries": 7,
        "success_count": 0,
        "failure_count": 6
      },
      "performance_metrics": {
        "em": 0.0,
        "f1": 0.0,
        "recall": 0.0,
        "precision": 0.0,
        "success_only": {
          "em": 0,
          "f1": 0,
          "recall": 0,
          "precision": 0,
          "count": 0
        },
        "failure_only": {
          "em": 0.0,
          "f1": 0.0,
          "recall": 0.0,
          "precision": 0.0,
          "count": 6
        }
      },
      "query_metrics": {
        "unparsable_sparql_queries": 1,
        "unavailable_sparql_queries": 0
      },
      "state_metrics": {
        "success": 0,
        "fail": 7,
        "init": 0,
        "error_api": 0,
        "unknown": 0,
        "success_rate": 0.0,
        "failure_rate": 1.0
      },
      "resource_metrics": {
        "avg_tokens_in": 61906.0,
        "avg_tokens_out": 1259.1666666666667,
        "avg_elapsed_time": 96562.5,
        "avg_iteration": 7.666666666666667,
        "count": 6
      }
    },
    "keyfigure": {
      "dataset_metrics": {
        "total_queries": 15,
        "evaluated_queries": 15,
        "success_count": 8,
        "failure_count": 7
      },
      "performance_metrics": {
        "em": 0.13333333333333333,
        "f1": 0.16430594900849857,
        "recall": 0.2,
        "precision": 0.15350553505535056,
        "success_only": {
          "em": 0.25,
          "f1": 0.3080736543909348,
          "recall": 0.375,
          "precision": 0.2878228782287823,
          "count": 8
        },
        "failure_only": {
          "em": 0.0,
          "f1": 0.0,
          "recall": 0.0,
          "precision": 0.0,
          "count": 7
        }
      },
      "query_metrics": {
        "unparsable_sparql_queries": 0,
        "unavailable_sparql_queries": 0
      },
      "state_metrics": {
        "success": 8,
        "fail": 7,
        "init": 0,
        "error_api": 0,
        "unknown": 0,
        "success_rate": 0.5333333333333333,
        "failure_rate": 0.4666666666666667
      },
      "resource_metrics": {
        "avg_tokens_in": 37341.26666666667,
        "avg_tokens_out": 925.8,
        "avg_elapsed_time": 69368.46666666666,
        "avg_iteration": 6.533333333333333,
        "count": 15
      }
    },
    "three triple patterns": {
      "dataset_metrics": {
        "total_queries": 23,
        "evaluated_queries": 23,
        "success_count": 12,
        "failure_count": 11
      },
      "performance_metrics": {
        "em": 0.17391304347826086,
        "f1": 0.20385877889362244,
        "recall": 0.27391304347826084,
        "precision": 0.19248725342781886,
        "success_only": {
          "em": 0.3333333333333333,
          "f1": 0.37318546656365353,
          "recall": 0.44166666666666665,
          "precision": 0.3591299808346921,
          "count": 12
        },
        "failure_only": {
          "em": 0.0,
          "f1": 0.019138755980861243,
          "recall": 0.09090909090909091,
          "precision": 0.0106951871657754,
          "count": 11
        }
      },
      "query_metrics": {
        "unparsable_sparql_queries": 0,
        "unavailable_sparql_queries": 0
      },
      "state_metrics": {
        "success": 12,
        "fail": 11,
        "init": 0,
        "error_api": 0,
        "unknown": 0,
        "success_rate": 0.5217391304347826,
        "failure_rate": 0.4782608695652174
      },
      "resource_metrics": {
        "avg_tokens_in": 36589.47826086957,
        "avg_tokens_out": 969.2173913043479,
        "avg_elapsed_time": 69534.04347826086,
        "avg_iteration": 6.3478260869565215,
        "count": 23
      }
    },
    "geo": {
      "dataset_metrics": {
        "total_queries": 14,
        "evaluated_queries": 14,
        "success_count": 8,
        "failure_count": 6
      },
      "performance_metrics": {
        "em": 0.14285714285714285,
        "f1": 0.15886876281613121,
        "recall": 0.2357142857142857,
        "precision": 0.15175884307211257,
        "success_only": {
          "em": 0.25,
          "f1": 0.25170454545454546,
          "recall": 0.2875,
          "precision": 0.2508720930232558,
          "count": 8
        },
        "failure_only": {
          "em": 0.0,
          "f1": 0.03508771929824561,
          "recall": 0.16666666666666666,
          "precision": 0.0196078431372549,
          "count": 6
        }
      },
      "query_metrics": {
        "unparsable_sparql_queries": 0,
        "unavailable_sparql_queries": 0
      },
      "state_metrics": {
        "success": 8,
        "fail": 6,
        "init": 0,
        "error_api": 0,
        "unknown": 0,
        "success_rate": 0.5714285714285714,
        "failure_rate": 0.42857142857142855
      },
      "resource_metrics": {
        "avg_tokens_in": 34717.42857142857,
        "avg_tokens_out": 1076.857142857143,
        "avg_elapsed_time": 80971.85714285714,