{
  "metadata": {
    "commit_id": "5e507554e7591bf3e1500b8f32ab0205253aa1ca",
    "git_label": "v0.2.8-91-g5e507554",
    "model": "llama-3.3-70b-instruct",
    "knowledge_graph_files": "..\\knowledge-graph\\velektronik-graph-clean\\abox-en.ttl.gz ..\\knowledge-graph\\velektronik-graph-clean\\tbox.ttl"
  },
  "dataset_metrics": {
    "dataset_size": 58,
    "evaluation_size": 58,
    "success_count": 32,
    "failure_count": 26
  },
  "performance_metrics": {
    "success": {
      "em": 0.25862068965517243,
      "f1": 0.31393177335319894,
      "recall": 0.39347912623774695,
      "precision": 0.3337982231192746
    },
    "overall": {
      "em": 0.25862068965517243,
      "f1": 0.31393177335319894,
      "recall": 0.39347912623774695,
      "precision": 0.3337982231192746
    },
    "success_only": {
      "em": 0.46875,
      "f1": 0.562422391834252,
      "recall": 0.6819309163059163,
      "precision": 0.6013328088154499
    },
    "failure_only": {
      "em": 0.0,
      "f1": 0.008097165991902834,
      "recall": 0.038461538461538464,
      "precision": 0.004524886877828054
    }
  },
  "query_metrics": {
    "unparsable_sparql_queries": 0,
    "unavailable_sparql_queries": 0
  },
  "state_metrics": {
    "success": 32,
    "fail": 26,
    "init": 0,
    "error_api": 0,
    "unknown": 0,
    "success_rate": 0.5517241379310345,
    "failure_rate": 0.4482758620689655
  },
  "resource_metrics": {
    "avg_tokens_in": 40004.120689655174,
    "avg_tokens_out": 814.7241379310345,
    "avg_elapsed_time": 88504.27586206897,
    "avg_iteration": 5.603448275862069
  }
}