{
  "metadata": {
    "commit_id": "fa87822d9e4dc7607312373ccc8fbd8675364b05",
    "git_label": "v0.2.8-93-gfa87822d",
    "model": "llama-3.3-70b-instruct",
    "knowledge_graph_files": "..\\knowledge-graph\\velektronik-graph-clean\\abox-en.ttl.gz ..\\knowledge-graph\\velektronik-graph-clean\\tbox.ttl"
  },
  "subjects": {
    "two triple patterns": {
      "dataset_metrics": {
        "total_queries": 14,
        "evaluated_queries": 14,
        "success_count": 9,
        "failure_count": 3
      },
      "performance_metrics": {
        "em": 0.35714285714285715,
        "f1": 0.4077853363567649,
        "recall": 0.42857142857142855,
        "precision": 0.39637002341920374,
        "success_only": {
          "em": 0.5555555555555556,
          "f1": 0.6343327454438565,
          "recall": 0.6666666666666666,
          "precision": 0.6165755919854281,
          "count": 9
        },
        "failure_only": {
          "em": 0.0,
          "f1": 0.0,
          "recall": 0.0,
          "precision": 0.0,
          "count": 3
        }
      },
      "query_metrics": {
        "unparsable_sparql_queries": 0,
        "unavailable_sparql_queries": 1
      },
      "state_metrics": {
        "success": 10,
        "fail": 3,
        "init": 0,
        "error_api": 0,
        "unknown": 1,
        "success_rate": 0.7142857142857143,
        "failure_rate": 0.21428571428571427
      },
      "resource_metrics": {
        "avg_tokens_in": 39304.0,
        "avg_tokens_out": 808.4615384615385,
        "avg_elapsed_time": 80370.46153846153,
        "avg_iteration": 5.846153846153846,
        "count": 13
      }
    },
    "one triple pattern": {
      "dataset_metrics": {
        "total_queries": 14,
        "evaluated_queries": 14,
        "success_count": 12,
        "failure_count": 1
      },
      "performance_metrics": {
        "em": 0.42857142857142855,
        "f1": 0.5039901273619526,
        "recall": 0.7278630460448642,
        "precision": 0.4956814901514067,
        "success_only": {
          "em": 0.5,
          "f1": 0.5879884819222779,
          "recall": 0.8491735537190083,
          "precision": 0.5782950718433079,
          "count": 12
        },
        "failure_only": {
          "em": 0.0,
          "f1": 0.0,
          "recall": 0.0,
          "precision": 0.0,
          "count": 1
        }
      },
      "query_metrics": {
        "unparsable_sparql_queries": 0,
        "unavailable_sparql_queries": 1
      },
      "state_metrics": {
        "success": 13,
        "fail": 1,
        "init": 0,
        "error_api": 0,
        "unknown": 0,
        "success_rate": 0.9285714285714286,
        "failure_rate": 0.07142857142857142
      },
      "resource_metrics": {
        "avg_tokens_in": 29404.53846153846,
        "avg_tokens_out": 565.5384615384615,
        "avg_elapsed_time": 63499.692307692305,
        "avg_iteration": 4.6923076923076925,
        "count": 13
      }
    },
    "four triple patterns": {
      "dataset_metrics": {
        "total_queries": 7,
        "evaluated_queries": 7,
        "success_count": 3,
        "failure_count": 4
      },
      "performance_metrics": {
        "em": 0.0,
        "f1": 0.1245320197044335,
        "recall": 0.08163265306122448,
        "precision": 0.2857142857142857,
        "success_only": {
          "em": 0.0,
          "f1": 0.2905747126436782,
          "recall": 0.19047619047619047,
          "precision": 0.6666666666666666,
          "count": 3
        },
        "failure_only": {
          "em": 0.0,
          "f1": 0.0,
          "recall": 0.0,
          "precision": 0.0,
          "count": 4
        }
      },
      "query_metrics": {
        "unparsable_sparql_queries": 0,
        "unavailable_sparql_queries": 0
      },
      "state_metrics": {
        "success": 3,
        "fail": 4,
        "init": 0,
        "error_api": 0,
        "unknown": 0,
        "success_rate": 0.42857142857142855,
        "failure_rate": 0.5714285714285714
      },
      "resource_metrics": {
        "avg_tokens_in": 47035.857142857145,
        "avg_tokens_out": 843.5714285714286,
        "avg_elapsed_time": 90953.85714285714,
        "avg_iteration": 5.714285714285714,
        "count": 7
      }
    },
    "keyfigure": {
      "dataset_metrics": {
        "total_queries": 15,
        "evaluated_queries": 15,
        "success_count": 4,
        "failure_count": 11
      },
      "performance_metrics": {
        "em": 0.0,
        "f1": 0.0,
        "recall": 0.0,
        "precision": 0.0,
        "success_only": {
          "em": 0.0,
          "f1": 0.0,
          "recall": 0.0,
          "precision": 0.0,
          "count": 4
        },
        "failure_only": {
          "em": 0.0,
          "f1": 0.0,
          "recall": 0.0,
          "precision": 0.0,
          "count": 11
        }
      },
      "query_metrics": {
        "unparsable_sparql_queries": 0,
        "unavailable_sparql_queries": 0
      },
      "state_metrics": {
        "success": 4,
        "fail": 11,
        "init": 0,
        "error_api": 0,
        "unknown": 0,
        "success_rate": 0.26666666666666666,
        "failure_rate": 0.7333333333333333
      },
      "resource_metrics": {
        "avg_tokens_in": 51769.4,
        "avg_tokens_out": 902.7333333333333,
        "avg_elapsed_time": 94848.6,
        "avg_iteration": 6.266666666666667,
        "count": 15
      }
    },
    "three triple patterns": {
      "dataset_metrics": {
        "total_queries": 23,
        "evaluated_queries": 23,
        "success_count": 8,
        "failure_count": 15
      },
      "performance_metrics": {
        "em": 0.0,
        "f1": 0.012836438923395446,
        "recall": 0.014492753623188404,
        "precision": 0.013768115942028985,
        "success_only": {
          "em": 0.0,
          "f1": 0.036904761904761905,
          "recall": 0.041666666666666664,
          "precision": 0.03958333333333333,
          "count": 8
        },
        "failure_only": {
          "em": 0.0,
          "f1": 0.0,
          "recall": 0.0,
          "precision": 0.0,
          "count": 15
        }
      },
      "query_metrics": {
        "unparsable_sparql_queries": 0,
        "unavailable_sparql_queries": 0
      },
      "state_metrics": {
        "success": 8,
        "fail": 15,
        "init": 0,
        "error_api": 0,
        "unknown": 0,
        "success_rate": 0.34782608695652173,
        "failure_rate": 0.6521739130434783
      },
      "resource_metrics": {
        "avg_tokens_in": 52541.913043478264,
        "avg_tokens_out": 953.0,
        "avg_elapsed_time": 95397.04347826086,
        "avg_iteration": 6.478260869565218,
        "count": 23
      }
    },
    "geo": {
      "dataset_metrics": {
        "total_queries": 14,
        "evaluated_queries": 14,
        "success_count": 6,
        "failure_count": 6
      },
      "performance_metrics": {
        "em": 0.21428571428571427,
        "f1": 0.22108843537414966,
        "recall": 0.2261904761904762,
        "precision": 0.21904761904761907,
        "success_only": {
          "em": 0.5,
          "f1": 0.5158730158730159,
          "recall": 0.5277777777777778,
          "precision": 0.5111111111111112,
          "count": 6
        },
        "failure_only": {
          "em": 0.0,
          "f1": 0.0,
          "recall": 0.0,
          "precision": 0.0,
          "count": 6
        }
      },
      "query_metrics": {
        "unparsable_sparql_queries": 0,
        "unavailable_sparql_queries": 1
      },
      "state_metrics": {
        "success": 7,
        "fail": 6,
        "init": 0,
        "error_api": 0,
        "unknown": 1,
        "success_rate": 0.5,
        "failure_rate": 0.42857142857142855
      },
      "resource_metrics": {
        "avg_tokens_in": 49222.153846153844,
        "avg_tokens_out": 990.5384615384615,
        "avg_elapsed_time": 98551.61538461539,
        "avg_iteration": 6.615384615384615,
        "count": 13
      }
    },