{
  "metadata": {
    "commit_id": "fa87822d9e4dc7607312373ccc8fbd8675364b05",
    "git_label": "v0.2.8-93-gfa87822d",
    "model": "llama-3.3-70b-instruct",
    "knowledge_graph_files": "..\\knowledge-graph\\velektronik-graph-clean\\abox-en.ttl.gz ..\\knowledge-graph\\velektronik-graph-clean\\tbox.ttl"
  },
  "dataset_metrics": {
    "dataset_size": 58,
    "evaluation_size": 57,
    "success_count": 23,
    "failure_count": 34
  },
  "performance_metrics": {
    "success": {
      "em": 0.17543859649122806,
      "f1": 0.2292826313369679,
      "recall": 0.26793474908904724,
      "precision": 0.27417719720664974
    },
    "overall": {
      "em": 0.1724137931034483,
      "f1": 0.22532948252081328,
      "recall": 0.2633151844495809,
      "precision": 0.26945000415136267
    },
    "success_only": {
      "em": 0.43478260869565216,
      "f1": 0.5637202756018825,
      "recall": 0.6513639829202871,
      "precision": 0.6751552127807925
    },
    "failure_only": {
      "em": 0.0,
      "f1": 0.003045401393055061,
      "recall": 0.008556149732620321,
      "precision": 0.0029273631417885073
    }
  },
  "query_metrics": {
    "unparsable_sparql_queries": 0,
    "unavailable_sparql_queries": 1
  },
  "state_metrics": {
    "success": 24,
    "fail": 34,
    "init": 0,
    "error_api": 0,
    "unknown": 0,
    "success_rate": 0.41379310344827586,
    "failure_rate": 0.5862068965517241
  },
  "resource_metrics": {
    "avg_tokens_in": 17631.43859649123,
    "avg_tokens_out": 833.6666666666666,
    "avg_elapsed_time": 66281.0701754386,
    "avg_iteration": 6.0
  }
}