{
  "metadata": {
    "commit_id": "5e507554e7591bf3e1500b8f32ab0205253aa1ca",
    "git_label": "v0.2.8-91-g5e507554",
    "model": "llama-3.3-70b-instruct",
    "knowledge_graph_files": "..\\knowledge-graph\\velektronik-graph-clean\\abox-en.ttl.gz ..\\knowledge-graph\\velektronik-graph-clean\\tbox.ttl"
  },
  "subjects": {
    "two triple patterns": {
      "dataset_metrics": {
        "total_queries": 14,
        "evaluated_queries": 14,
        "success_count": 11,
        "failure_count": 3
      },
      "performance_metrics": {
        "em": 0.2857142857142857,
        "f1": 0.42479213907785335,
        "recall": 0.4642857142857143,
        "precision": 0.4249414519906324,
        "success_only": {
          "em": 0.36363636363636365,
          "f1": 0.5406445406445406,
          "recall": 0.5909090909090909,
          "precision": 0.5408345752608048,
          "count": 11
        },
        "failure_only": {
          "em": 0.0,
          "f1": 0.0,
          "recall": 0.0,
          "precision": 0.0,
          "count": 3
        }
      },
      "query_metrics": {
        "unparsable_sparql_queries": 0,
        "unavailable_sparql_queries": 0
      },
      "state_metrics": {
        "success": 11,
        "fail": 3,
        "init": 0,
        "error_api": 0,
        "unknown": 0,
        "success_rate": 0.7857142857142857,
        "failure_rate": 0.21428571428571427
      },
      "resource_metrics": {
        "avg_tokens_in": 30069.714285714286,
        "avg_tokens_out": 702.0714285714286,
        "avg_elapsed_time": 58362.78571428572,
        "avg_iteration": 5.285714285714286,
        "count": 14
      }
    },
    "one triple pattern": {
      "dataset_metrics": {
        "total_queries": 14,
        "evaluated_queries": 14,
        "success_count": 11,
        "failure_count": 2
      },
      "performance_metrics": {
        "em": 0.7142857142857143,
        "f1": 0.7477509895645916,
        "recall": 0.7857142857142857,
        "precision": 0.7361372180451128,
        "success_only": {
          "em": 0.9090909090909091,
          "f1": 0.951683077627662,
          "recall": 1.0,
          "precision": 0.9369019138755981,
          "count": 11
        },
        "failure_only": {
          "em": 0.0,
          "f1": 0.0,
          "recall": 0.0,
          "precision": 0.0,
          "count": 2
        }
      },
      "query_metrics": {
        "unparsable_sparql_queries": 0,
        "unavailable_sparql_queries": 1
      },
      "state_metrics": {
        "success": 12,
        "fail": 2,
        "init": 0,
        "error_api": 0,
        "unknown": 0,
        "success_rate": 0.8571428571428571,
        "failure_rate": 0.14285714285714285
      },
      "resource_metrics": {
        "avg_tokens_in": 28208.53846153846,
        "avg_tokens_out": 644.7692307692307,
        "avg_elapsed_time": 53327.769230769234,
        "avg_iteration": 4.615384615384615,
        "count": 13
      }
    },
    "four triple patterns": {
      "dataset_metrics": {
        "total_queries": 7,
        "evaluated_queries": 6,
        "success_count": 0,
        "failure_count": 6
      },
      "performance_metrics": {
        "em": 0.0,
        "f1": 0.0,
        "recall": 0.0,
        "precision": 0.0,
        "success_only": {
          "em": 0,
          "f1": 0,
          "recall": 0,
          "precision": 0,
          "count": 0
        },
        "failure_only": {
          "em": 0.0,
          "f1": 0.0,
          "recall": 0.0,
          "precision": 0.0,
          "count": 6
        }
      },
      "query_metrics": {
        "unparsable_sparql_queries": 0,
        "unavailable_sparql_queries": 0
      },
      "state_metrics": {
        "success": 0,
        "fail": 6,
        "init": 0,
        "error_api": 0,
        "unknown": 0,
        "success_rate": 0.0,
        "failure_rate": 1.0
      },
      "resource_metrics": {
        "avg_tokens_in": 53655.333333333336,
        "avg_tokens_out": 965.8333333333334,
        "avg_elapsed_time": 79514.66666666667,
        "avg_iteration": 6.333333333333333,
        "count": 6
      }
    },
    "keyfigure": {
      "dataset_metrics": {
        "total_queries": 15,
        "evaluated_queries": 14,
        "success_count": 2,
        "failure_count": 12
      },
      "performance_metrics": {
        "em": 0.0,
        "f1": 0.0,
        "recall": 0.0,
        "precision": 0.0,
        "success_only": {
          "em": 0.0,
          "f1": 0.0,
          "recall": 0.0,
          "precision": 0.0,
          "count": 2
        },
        "failure_only": {
          "em": 0.0,
          "f1": 0.0,
          "recall": 0.0,
          "precision": 0.0,
          "count": 12
        }
      },
      "query_metrics": {
        "unparsable_sparql_queries": 0,
        "unavailable_sparql_queries": 0
      },
      "state_metrics": {
        "success": 2,
        "fail": 12,
        "init": 0,
        "error_api": 0,
        "unknown": 0,
        "success_rate": 0.14285714285714285,
        "failure_rate": 0.8571428571428571
      },
      "resource_metrics": {
        "avg_tokens_in": 40514.21428571428,
        "avg_tokens_out": 950.8571428571429,
        "avg_elapsed_time": 75736.21428571429,
        "avg_iteration": 5.857142857142857,
        "count": 14
      }
    },
    "three triple patterns": {
      "dataset_metrics": {
        "total_queries": 23,
        "evaluated_queries": 23,
        "success_count": 5,
        "failure_count": 17
      },
      "performance_metrics": {
        "em": 0.043478260869565216,
        "f1": 0.05370843989769821,
        "recall": 0.05797101449275362,
        "precision": 0.05138339920948617,
        "success_only": {
          "em": 0.2,
          "f1": 0.2,
          "recall": 0.2,
          "precision": 0.2,
          "count": 5
        },
        "failure_only": {
          "em": 0.0,
          "f1": 0.013840830449826992,
          "recall": 0.0196078431372549,
          "precision": 0.010695187165775402,
          "count": 17
        }
      },
      "query_metrics": {
        "unparsable_sparql_queries": 0,
        "unavailable_sparql_queries": 1
      },
      "state_metrics": {
        "success": 5,
        "fail": 18,
        "init": 0,
        "error_api": 0,
        "unknown": 0,
        "success_rate": 0.21739130434782608,
        "failure_rate": 0.782608695652174
      },
      "resource_metrics": {
        "avg_tokens_in": 48002.09090909091,
        "avg_tokens_out": 891.5909090909091,
        "avg_elapsed_time": 77222.81818181818,
        "avg_iteration": 5.954545454545454,
        "count": 22
      }
    },
    "geo": {
      "dataset_metrics": {
        "total_queries": 14,
        "evaluated_queries": 14,
        "success_count": 8,
        "failure_count": 5
      },
      "performance_metrics": {
        "em": 0.2857142857142857,
        "f1": 0.350140056022409,
        "recall": 0.3452380952380953,
        "precision": 0.37012987012987014,
        "success_only": {
          "em": 0.5,
          "f1": 0.5833333333333333,
          "recall": 0.5625,
          "precision": 0.625,
          "count": 8
        },
        "failure_only": {
          "em": 0.0,
          "f1": 0.04705882352941177,
          "recall": 0.06666666666666667,
          "precision": 0.03636363636363636,
          "count": 5
        }
      },
      "query_metrics": {
        "unparsable_sparql_queries": 0,
        "unavailable_sparql_queries": 1
      },
      "state_metrics": {
        "success": 8,
        "fail": 6,
        "init": 0,
        "error_api": 0,
        "unknown": 0,
        "success_rate": 0.5714285714285714,
        "failure_rate": 0.42857142857142855
      },
      "resource_metrics": {
        "avg_tokens_in": 39654.07692307692,
        "avg_tokens_out": 822.4615384615385,
        "avg_elapsed_time": 71289.30769230769,
        "avg_iteration": 6.0,
        "count": 13
      }
    },
    "supply": {
      "dataset_metrics": {
        "total_queries": 11,