{
  "metadata": {
    "commit_id": "28ef30e21aec8303f124b539a891283dfc3d4005",
    "git_label": "v0.2.8-89-g28ef30e2",
    "model": "llama-3.3-70b-instruct",
    "knowledge_graph_files": "..\\knowledge-graph\\velektronik-graph-clean\\abox-en.ttl.gz ..\\knowledge-graph\\velektronik-graph-clean\\tbox.ttl"
  },
  "dataset_metrics": {
    "dataset_size": 58,
    "evaluation_size": 56,
    "success_count": 31,
    "failure_count": 23
  },
  "performance_metrics": {
    "success": {
      "em": 0.17857142857142858,
      "f1": 0.2151161036699696,
      "recall": 0.3125,
      "precision": 0.21222357829708713
    },
    "overall": {
      "em": 0.1724137931034483,
      "f1": 0.2076983069916948,
      "recall": 0.3017241379310345,
      "precision": 0.20490552387304964
    },
    "success_only": {
      "em": 0.3225806451612903,
      "f1": 0.38631465843282614,
      "recall": 0.532258064516129,
      "precision": 0.38218869364278507
    },
    "failure_only": {
      "em": 0.0,
      "f1": 0.003075973656551631,
      "recall": 0.043478260869565216,
      "precision": 0.0015943861613278887
    }
  },
  "query_metrics": {
    "unparsable_sparql_queries": 0,
    "unavailable_sparql_queries": 2
  },
  "state_metrics": {
    "success": 33,
    "fail": 23,
    "init": 0,
    "error_api": 0,
    "unknown": 2,
    "success_rate": 0.5689655172413793,
    "failure_rate": 0.39655172413793105
  },
  "resource_metrics": {
    "avg_tokens_in": 31304.928571428572,
    "avg_tokens_out": 833.625,
    "avg_elapsed_time": 76082.82142857143,
    "avg_iteration": 6.0
  }
}