{
  "metadata": {
    "commit_id": "a084b38e1d7b67039f0d60b14814ef1241c00fd7",
    "git_label": "v0.2.8-90-ga084b38e",
    "model": "llama-3.3-70b-instruct",
    "knowledge_graph_files": "..\\knowledge-graph\\velektronik-graph-clean\\abox-en.ttl.gz ..\\knowledge-graph\\velektronik-graph-clean\\tbox.ttl"
  },
  "subjects": {
    "two triple patterns": {
      "dataset_metrics": {
        "total_queries": 14,
        "evaluated_queries": 14,
        "success_count": 12,
        "failure_count": 1
      },
      "performance_metrics": {
        "em": 0.5714285714285714,
        "f1": 0.6598639455782312,
        "recall": 0.7142857142857143,
        "precision": 0.6357142857142858,
        "success_only": {
          "em": 0.6666666666666666,
          "f1": 0.7698412698412698,
          "recall": 0.8333333333333334,
          "precision": 0.7416666666666667,
          "count": 12
        },
        "failure_only": {
          "em": 0.0,
          "f1": 0.0,
          "recall": 0.0,
          "precision": 0.0,
          "count": 1
        }
      },
      "query_metrics": {
        "unparsable_sparql_queries": 0,
        "unavailable_sparql_queries": 0
      },
      "state_metrics": {
        "success": 12,
        "fail": 1,
        "init": 0,
        "error_api": 0,
        "unknown": 1,
        "success_rate": 0.8571428571428571,
        "failure_rate": 0.07142857142857142
      },
      "resource_metrics": {
        "avg_tokens_in": 55770.357142857145,
        "avg_tokens_out": 683.5714285714286,
        "avg_elapsed_time": 66297.35714285714,
        "avg_iteration": 4.928571428571429,
        "count": 14
      }
    },
    "one triple pattern": {
      "dataset_metrics": {
        "total_queries": 14,
        "evaluated_queries": 14,
        "success_count": 14,
        "failure_count": 0
      },
      "performance_metrics": {
        "em": 0.7857142857142857,
        "f1": 0.819179560993163,
        "recall": 0.8571428571428571,
        "precision": 0.8075657894736842,
        "success_only": {
          "em": 0.7857142857142857,
          "f1": 0.819179560993163,
          "recall": 0.8571428571428571,
          "precision": 0.8075657894736842,
          "count": 14
        },
        "failure_only": {
          "em": 0,
          "f1": 0,
          "recall": 0,
          "precision": 0,
          "count": 0
        }
      },
      "query_metrics": {
        "unparsable_sparql_queries": 0,
        "unavailable_sparql_queries": 0
      },
      "state_metrics": {
        "success": 14,
        "fail": 0,
        "init": 0,
        "error_api": 0,
        "unknown": 0,
        "success_rate": 1.0,
        "failure_rate": 0.0
      },
      "resource_metrics": {
        "avg_tokens_in": 55931.0,
        "avg_tokens_out": 620.3571428571429,
        "avg_elapsed_time": 71734.42857142857,
        "avg_iteration": 4.571428571428571,
        "count": 14
      }
    },
    "four triple patterns": {
      "dataset_metrics": {
        "total_queries": 7,
        "evaluated_queries": 7,
        "success_count": 3,
        "failure_count": 4
      },
      "performance_metrics": {
        "em": 0.2857142857142857,
        "f1": 0.33142857142857146,
        "recall": 0.3129251700680272,
        "precision": 0.42857142857142855,
        "success_only": {
          "em": 0.6666666666666666,
          "f1": 0.7733333333333334,
          "recall": 0.7301587301587302,
          "precision": 1.0,
          "count": 3
        },
        "failure_only": {
          "em": 0.0,
          "f1": 0.0,
          "recall": 0.0,
          "precision": 0.0,
          "count": 4
        }
      },
      "query_metrics": {
        "unparsable_sparql_queries": 0,
        "unavailable_sparql_queries": 0
      },
      "state_metrics": {
        "success": 3,
        "fail": 4,
        "init": 0,
        "error_api": 0,
        "unknown": 0,
        "success_rate": 0.42857142857142855,
        "failure_rate": 0.5714285714285714
      },
      "resource_metrics": {
        "avg_tokens_in": 59246.0,
        "avg_tokens_out": 818.2857142857143,
        "avg_elapsed_time": 78465.57142857143,
        "avg_iteration": 5.285714285714286,
        "count": 7
      }
    },
    "keyfigure": {
      "dataset_metrics": {
        "total_queries": 15,
        "evaluated_queries": 15,
        "success_count": 3,
        "failure_count": 12
      },
      "performance_metrics": {
        "em": 0.0,
        "f1": 0.0,
        "recall": 0.0,
        "precision": 0.0,
        "success_only": {
          "em": 0.0,
          "f1": 0.0,
          "recall": 0.0,
          "precision": 0.0,
          "count": 3
        },
        "failure_only": {
          "em": 0.0,
          "f1": 0.0,
          "recall": 0.0,
          "precision": 0.0,
          "count": 12
        }
      },
      "query_metrics": {
        "unparsable_sparql_queries": 0,
        "unavailable_sparql_queries": 0
      },
      "state_metrics": {
        "success": 3,
        "fail": 12,
        "init": 0,
        "error_api": 0,
        "unknown": 0,
        "success_rate": 0.2,
        "failure_rate": 0.8
      },
      "resource_metrics": {
        "avg_tokens_in": 89800.86666666667,
        "avg_tokens_out": 974.0,
        "avg_elapsed_time": 88039.6,
        "avg_iteration": 6.4,
        "count": 15
      }
    },
    "three triple patterns": {
      "dataset_metrics": {
        "total_queries": 23,
        "evaluated_queries": 23,
        "success_count": 8,
        "failure_count": 14
      },
      "performance_metrics": {
        "em": 0.21739130434782608,
        "f1": 0.22995169082125608,
        "recall": 0.2652173913043478,
        "precision": 0.2419603807563674,
        "success_only": {
          "em": 0.5,
          "f1": 0.5361111111111112,
          "recall": 0.6375,
          "precision": 0.5706360946745562,
          "count": 8
        },
        "failure_only": {
          "em": 0.07142857142857142,
          "f1": 0.07142857142857142,
          "recall": 0.07142857142857142,
          "precision": 0.07142857142857142,
          "count": 14
        }
      },
      "query_metrics": {
        "unparsable_sparql_queries": 0,
        "unavailable_sparql_queries": 1
      },
      "state_metrics": {
        "success": 9,
        "fail": 14,
        "init": 0,
        "error_api": 0,
        "unknown": 0,
        "success_rate": 0.391304347826087,
        "failure_rate": 0.6086956521739131
      },
      "resource_metrics": {
        "avg_tokens_in": 98412.90909090909,
        "avg_tokens_out": 1023.0454545454545,
        "avg_elapsed_time": 94839.22727272728,
        "avg_iteration": 6.363636363636363,
        "count": 22
      }
    },
    "geo": {
      "dataset_metrics": {
        "total_queries": 14,
        "evaluated_queries": 14,
        "success_count": 10,
        "failure_count": 2
      },
      "performance_metrics": {
        "em": 0.5714285714285714,
        "f1": 0.6309523809523808,
        "recall": 0.65,
        "precision": 0.6428571428571429,
        "success_only": {
          "em": 0.7,
          "f1": 0.7833333333333333,
          "recall": 0.8099999999999999,
          "precision": 0.8,
          "count": 10
        },
        "failure_only": {
          "em": 0.5,
          "f1": 0.5,
          "recall": 0.5,
          "precision": 0.5,
          "count": 2
        }
      },
      "query_metrics": {
        "unparsable_sparql_queries": 0,
        "unavailable_sparql_queries": 1
      },
      "state_metrics": {
        "success": 11,
        "fail": 2,
        "init": 0,
        "error_api": 0,
        "unknown": 1,
        "success_rate": 0.7857142857142857,
        "failure_rate": 0.14285714285714285
      },
      "resource_metrics": {
        "avg_tokens_in": 61987.07692307692,
        "avg_tokens_out": 799.5384615384615,
        "avg_elapsed_time": 77238.61538461539,
        "avg_iteration": 5.3076923076923075,
        "count": 13
      }
    },