{
  "metadata": {
    "commit_id": "a084b38e1d7b67039f0d60b14814ef1241c00fd7",
    "git_label": "v0.2.8-90-ga084b38e",
    "model": "llama-3.3-70b-instruct",
    "knowledge_graph_files": "..\\knowledge-graph\\velektronik-graph-clean\\abox-en.ttl.gz ..\\knowledge-graph\\velektronik-graph-clean\\tbox.ttl"
  },
  "dataset_metrics": {
    "dataset_size": 58,
    "evaluation_size": 57,
    "success_count": 39,
    "failure_count": 18
  },
  "performance_metrics": {
    "success": {
      "em": 0.2807017543859649,
      "f1": 0.3436515464379493,
      "recall": 0.4138401559454191,
      "precision": 0.3400796963963119
    },
    "overall": {
      "em": 0.27586206896551724,
      "f1": 0.33772651977522605,
      "recall": 0.40670498084291185,
      "precision": 0.3342162533549962
    },
    "success_only": {
      "em": 0.41025641025641024,
      "f1": 0.5022599524862336,
      "recall": 0.6048433048433048,
      "precision": 0.4970395562715328
    },
    "failure_only": {
      "em": 0.0,
      "f1": 0.0,
      "recall": 0.0,
      "precision": 0.0
    }
  },
  "query_metrics": {
    "unparsable_sparql_queries": 0,
    "unavailable_sparql_queries": 1
  },
  "state_metrics": {
    "success": 39,
    "fail": 19,
    "init": 0,
    "error_api": 0,
    "unknown": 0,
    "success_rate": 0.6724137931034483,
    "failure_rate": 0.3275862068965517
  },
  "resource_metrics": {
    "avg_tokens_in": 31824.842105263157,
    "avg_tokens_out": 809.0175438596491,
    "avg_elapsed_time": 66195.28070175438,
    "avg_iteration": 5.649122807017544
  }
}