{
  "metadata": {
    "commit_id": "a084b38e1d7b67039f0d60b14814ef1241c00fd7",
    "git_label": "v0.2.8-90-ga084b38e",
    "model": "llama-3.3-70b-instruct",
    "knowledge_graph_files": "..\\knowledge-graph\\velektronik-graph-clean\\abox-en.ttl.gz ..\\knowledge-graph\\velektronik-graph-clean\\tbox.ttl"
  },
  "subjects": {
    "two triple patterns": {
      "dataset_metrics": {
        "total_queries": 14,
        "evaluated_queries": 14,
        "success_count": 12,
        "failure_count": 2
      },
      "performance_metrics": {
        "em": 0.5,
        "f1": 0.5408163265306122,
        "recall": 0.5714285714285714,
        "precision": 0.5285714285714286,
        "success_only": {
          "em": 0.5833333333333334,
          "f1": 0.6309523809523809,
          "recall": 0.6666666666666666,
          "precision": 0.6166666666666667,
          "count": 12
        },
        "failure_only": {
          "em": 0.0,
          "f1": 0.0,
          "recall": 0.0,
          "precision": 0.0,
          "count": 2
        }
      },
      "query_metrics": {
        "unparsable_sparql_queries": 0,
        "unavailable_sparql_queries": 0
      },
      "state_metrics": {
        "success": 12,
        "fail": 2,
        "init": 0,
        "error_api": 0,
        "unknown": 0,
        "success_rate": 0.8571428571428571,
        "failure_rate": 0.14285714285714285
      },
      "resource_metrics": {
        "avg_tokens_in": 27966.285714285714,
        "avg_tokens_out": 808.7857142857143,
        "avg_elapsed_time": 62660.42857142857,
        "avg_iteration": 5.642857142857143,
        "count": 14
      }
    },
    "one triple pattern": {
      "dataset_metrics": {
        "total_queries": 14,
        "evaluated_queries": 14,
        "success_count": 13,
        "failure_count": 1
      },
      "performance_metrics": {
        "em": 0.42857142857142855,
        "f1": 0.5293268457135027,
        "recall": 0.7071428571428572,
        "precision": 0.5162314716877796,
        "success_only": {
          "em": 0.46153846153846156,
          "f1": 0.5700442953837722,
          "recall": 0.7615384615384616,
          "precision": 0.5559415848945318,
          "count": 13
        },
        "failure_only": {
          "em": 0.0,
          "f1": 0.0,
          "recall": 0.0,
          "precision": 0.0,
          "count": 1
        }
      },
      "query_metrics": {
        "unparsable_sparql_queries": 0,
        "unavailable_sparql_queries": 0
      },
      "state_metrics": {
        "success": 13,
        "fail": 1,
        "init": 0,
        "error_api": 0,
        "unknown": 0,
        "success_rate": 0.9285714285714286,
        "failure_rate": 0.07142857142857142
      },
      "resource_metrics": {
        "avg_tokens_in": 25633.571428571428,
        "avg_tokens_out": 646.4285714285714,
        "avg_elapsed_time": 50078.07142857143,
        "avg_iteration": 5.285714285714286,
        "count": 14
      }
    },
    "four triple patterns": {
      "dataset_metrics": {
        "total_queries": 7,
        "evaluated_queries": 7,
        "success_count": 3,
        "failure_count": 4
      },
      "performance_metrics": {
        "em": 0.0,
        "f1": 0.0,
        "recall": 0.0,
        "precision": 0.0,
        "success_only": {
          "em": 0.0,
          "f1": 0.0,
          "recall": 0.0,
          "precision": 0.0,
          "count": 3
        },
        "failure_only": {
          "em": 0.0,
          "f1": 0.0,
          "recall": 0.0,
          "precision": 0.0,
          "count": 4
        }
      },
      "query_metrics": {
        "unparsable_sparql_queries": 0,
        "unavailable_sparql_queries": 0
      },
      "state_metrics": {
        "success": 3,
        "fail": 4,
        "init": 0,
        "error_api": 0,
        "unknown": 0,
        "success_rate": 0.42857142857142855,
        "failure_rate": 0.5714285714285714
      },
      "resource_metrics": {
        "avg_tokens_in": 26718.285714285714,
        "avg_tokens_out": 717.7142857142857,
        "avg_elapsed_time": 71563.28571428571,
        "avg_iteration": 5.571428571428571,
        "count": 7
      }
    },
    "keyfigure": {
      "dataset_metrics": {
        "total_queries": 15,
        "evaluated_queries": 15,
        "success_count": 8,
        "failure_count": 7
      },
      "performance_metrics": {
        "em": 0.0,
        "f1": 0.0,
        "recall": 0.0,
        "precision": 0.0,
        "success_only": {
          "em": 0.0,
          "f1": 0.0,
          "recall": 0.0,
          "precision": 0.0,
          "count": 8
        },
        "failure_only": {
          "em": 0.0,
          "f1": 0.0,
          "recall": 0.0,
          "precision": 0.0,
          "count": 7
        }
      },
      "query_metrics": {
        "unparsable_sparql_queries": 0,
        "unavailable_sparql_queries": 0
      },
      "state_metrics": {
        "success": 8,
        "fail": 7,
        "init": 0,
        "error_api": 0,
        "unknown": 0,
        "success_rate": 0.5333333333333333,
        "failure_rate": 0.4666666666666667
      },
      "resource_metrics": {
        "avg_tokens_in": 30435.866666666665,
        "avg_tokens_out": 792.4666666666667,
        "avg_elapsed_time": 65021.26666666667,
        "avg_iteration": 5.8,
        "count": 15
      }
    },
    "three triple patterns": {
      "dataset_metrics": {
        "total_queries": 23,
        "evaluated_queries": 23,
        "success_count": 11,
        "failure_count": 11
      },
      "performance_metrics": {
        "em": 0.13043478260869565,
        "f1": 0.20026668415415216,
        "recall": 0.2473429951690821,
        "precision": 0.2068392213461246,
        "success_only": {
          "em": 0.2727272727272727,
          "f1": 0.41873943050413637,
          "recall": 0.5171717171717171,
          "precision": 0.4324820082691696,
          "count": 11
        },
        "failure_only": {
          "em": 0.0,
          "f1": 0.0,
          "recall": 0.0,
          "precision": 0.0,
          "count": 11
        }
      },
      "query_metrics": {
        "unparsable_sparql_queries": 0,
        "unavailable_sparql_queries": 1
      },
      "state_metrics": {
        "success": 11,
        "fail": 12,
        "init": 0,
        "error_api": 0,
        "unknown": 0,
        "success_rate": 0.4782608695652174,
        "failure_rate": 0.5217391304347826
      },
      "resource_metrics": {
        "avg_tokens_in": 39845.0,
        "avg_tokens_out": 941.6818181818181,
        "avg_elapsed_time": 76993.13636363637,
        "avg_iteration": 5.909090909090909,
        "count": 22
      }
    },
    "geo": {
      "dataset_metrics": {
        "total_queries": 14,
        "evaluated_queries": 14,
        "success_count": 10,
        "failure_count": 3
      },
      "performance_metrics": {
        "em": 0.42857142857142855,
        "f1": 0.48739495798319327,
        "recall": 0.4785714285714286,
        "precision": 0.5,
        "success_only": {
          "em": 0.6,
          "f1": 0.6823529411764706,
          "recall": 0.67,
          "precision": 0.7,
          "count": 10
        },
        "failure_only": {
          "em": 0.0,
          "f1": 0.0,
          "recall": 0.0,
          "precision": 0.0,
          "count": 3
        }
      },
      "query_metrics": {
        "unparsable_sparql_queries": 0,
        "unavailable_sparql_queries": 1
      },
      "state_metrics": {
        "success": 10,
        "fail": 4,
        "init": 0,
        "error_api": 0,
        "unknown": 0,
        "success_rate": 0.7142857142857143,
        "failure_rate": 0.2857142857142857
      },
      "resource_metrics": {
        "avg_tokens_in": 34268.307692307695,
        "avg_tokens_out": 941.1538461538462,
        "avg_elapsed_time": 71106.30769230769,
        "avg_iteration": 6.153846153846154,
        "count": 13
      }
    },
    "supply": {
      "dataset_metrics": {
        "total_queries": 11,