{
  "metadata": {
    "commit_id": "5e507554e7591bf3e1500b8f32ab0205253aa1ca",
    "git_label": "v0.2.8-91-g5e507554",
    "model": "llama-3.3-70b-instruct",
    "knowledge_graph_files": "..\\knowledge-graph\\velektronik-graph-clean\\abox-en.ttl.gz ..\\knowledge-graph\\velektronik-graph-clean\\tbox.ttl"
  },
  "subjects": {
    "two triple patterns": {
      "dataset_metrics": {
        "total_queries": 14,
        "evaluated_queries": 14,
        "success_count": 5,
        "failure_count": 8
      },
      "performance_metrics": {
        "em": 0.07142857142857142,
        "f1": 0.21050642479213907,
        "recall": 0.2857142857142857,
        "precision": 0.17494145199063232,
        "success_only": {
          "em": 0.2,
          "f1": 0.5894179894179894,
          "recall": 0.8,
          "precision": 0.4898360655737705,
          "count": 5
        },
        "failure_only": {
          "em": 0.0,
          "f1": 0.0,
          "recall": 0.0,
          "precision": 0.0,
          "count": 8
        }
      },
      "query_metrics": {
        "unparsable_sparql_queries": 0,
        "unavailable_sparql_queries": 1
      },
      "state_metrics": {
        "success": 6,
        "fail": 8,
        "init": 0,
        "error_api": 0,
        "unknown": 0,
        "success_rate": 0.42857142857142855,
        "failure_rate": 0.5714285714285714
      },
      "resource_metrics": {
        "avg_tokens_in": 16206.692307692309,
        "avg_tokens_out": 881.3076923076923,
        "avg_elapsed_time": 54950.38461538462,
        "avg_iteration": 6.153846153846154,
        "count": 13
      }
    },
    "one triple pattern": {
      "dataset_metrics": {
        "total_queries": 14,
        "evaluated_queries": 14,
        "success_count": 11,
        "failure_count": 2
      },
      "performance_metrics": {
        "em": 0.42857142857142855,
        "f1": 0.49548920640393196,
        "recall": 0.5785714285714285,
        "precision": 0.5337952976704055,
        "success_only": {
          "em": 0.45454545454545453,
          "f1": 0.5397135354231861,
          "recall": 0.6454545454545454,
          "precision": 0.588466742489607,
          "count": 11
        },
        "failure_only": {
          "em": 0.0,
          "f1": 0.0,
          "recall": 0.0,
          "precision": 0.0,
          "count": 2
        }
      },
      "query_metrics": {
        "unparsable_sparql_queries": 0,
        "unavailable_sparql_queries": 0
      },
      "state_metrics": {
        "success": 11,
        "fail": 2,
        "init": 0,
        "error_api": 0,
        "unknown": 1,
        "success_rate": 0.7857142857142857,
        "failure_rate": 0.14285714285714285
      },
      "resource_metrics": {
        "avg_tokens_in": 12711.42857142857,
        "avg_tokens_out": 694.8571428571429,
        "avg_elapsed_time": 50933.78571428572,
        "avg_iteration": 5.142857142857143,
        "count": 14
      }
    },
    "four triple patterns": {
      "dataset_metrics": {
        "total_queries": 7,
        "evaluated_queries": 7,
        "success_count": 1,
        "failure_count": 6
      },
      "performance_metrics": {
        "em": 0.0,
        "f1": 0.0,
        "recall": 0.0,
        "precision": 0.0,
        "success_only": {
          "em": 0.0,
          "f1": 0.0,
          "recall": 0.0,
          "precision": 0.0,
          "count": 1
        },
        "failure_only": {
          "em": 0.0,
          "f1": 0.0,
          "recall": 0.0,
          "precision": 0.0,
          "count": 6
        }
      },
      "query_metrics": {
        "unparsable_sparql_queries": 0,
        "unavailable_sparql_queries": 0
      },
      "state_metrics": {
        "success": 1,
        "fail": 6,
        "init": 0,
        "error_api": 0,
        "unknown": 0,
        "success_rate": 0.14285714285714285,
        "failure_rate": 0.8571428571428571
      },
      "resource_metrics": {
        "avg_tokens_in": 18601.85714285714,
        "avg_tokens_out": 815.4285714285714,
        "avg_elapsed_time": 56106.28571428572,
        "avg_iteration": 6.142857142857143,
        "count": 7
      }
    },
    "keyfigure": {
      "dataset_metrics": {
        "total_queries": 15,
        "evaluated_queries": 15,
        "success_count": 1,
        "failure_count": 14
      },
      "performance_metrics": {
        "em": 0.0,
        "f1": 0.0,
        "recall": 0.0,
        "precision": 0.0,
        "success_only": {
          "em": 0.0,
          "f1": 0.0,
          "recall": 0.0,
          "precision": 0.0,
          "count": 1
        },
        "failure_only": {
          "em": 0.0,
          "f1": 0.0,
          "recall": 0.0,
          "precision": 0.0,
          "count": 14
        }
      },
      "query_metrics": {
        "unparsable_sparql_queries": 0,
        "unavailable_sparql_queries": 0
      },
      "state_metrics": {
        "success": 1,
        "fail": 14,
        "init": 0,
        "error_api": 0,
        "unknown": 0,
        "success_rate": 0.06666666666666667,
        "failure_rate": 0.9333333333333333
      },
      "resource_metrics": {
        "avg_tokens_in": 18847.333333333332,
        "avg_tokens_out": 866.8666666666667,
        "avg_elapsed_time": 61161.0,
        "avg_iteration": 6.4,
        "count": 15
      }
    },
    "three triple patterns": {
      "dataset_metrics": {
        "total_queries": 23,
        "evaluated_queries": 23,
        "success_count": 4,
        "failure_count": 19
      },
      "performance_metrics": {
        "em": 0.0,
        "f1": 0.0024923843810578787,
        "recall": 0.043478260869565216,
        "precision": 0.0012829650748396293,
        "success_only": {
          "em": 0.0,
          "f1": 0.014331210191082801,
          "recall": 0.25,
          "precision": 0.007377049180327869,
          "count": 4
        },
        "failure_only": {
          "em": 0.0,
          "f1": 0.0,
          "recall": 0.0,
          "precision": 0.0,
          "count": 19
        }
      },
      "query_metrics": {
        "unparsable_sparql_queries": 0,
        "unavailable_sparql_queries": 0
      },
      "state_metrics": {
        "success": 4,
        "fail": 19,
        "init": 0,
        "error_api": 0,
        "unknown": 0,
        "success_rate": 0.17391304347826086,
        "failure_rate": 0.8260869565217391
      },
      "resource_metrics": {
        "avg_tokens_in": 19110.260869565216,
        "avg_tokens_out": 901.8260869565217,
        "avg_elapsed_time": 65278.34782608696,
        "avg_iteration": 6.478260869565218,
        "count": 23
      }
    },
    "geo": {
      "dataset_metrics": {
        "total_queries": 14,
        "evaluated_queries": 14,
        "success_count": 4,
        "failure_count": 9
      },
      "performance_metrics": {
        "em": 0.0,
        "f1": 0.047619047619047616,
        "recall": 0.07142857142857142,
        "precision": 0.03571428571428571,
        "success_only": {
          "em": 0.0,
          "f1": 0.16666666666666666,
          "recall": 0.25,
          "precision": 0.125,
          "count": 4
        },
        "failure_only": {
          "em": 0.0,
          "f1": 0.0,
          "recall": 0.0,
          "precision": 0.0,
          "count": 9
        }
      },
      "query_metrics": {
        "unparsable_sparql_queries": 0,
        "unavailable_sparql_queries": 1
      },
      "state_metrics": {
        "success": 5,
        "fail": 9,
        "init": 0,
        "error_api": 0,
        "unknown": 0,
        "success_rate": 0.35714285714285715,
        "failure_rate": 0.6428571428571429
      },
      "resource_metrics": {
        "avg_tokens_in": 23245.923076923078,
        "avg_tokens_out": 1066.5384615384614,
        "avg_elapsed_time": 72908.23076923077,
        "avg_iteration": 7.384615384615385,
        "count": 13
      }
    },
    "supply": {
      "dataset_metrics": {
        "total_queries": 11,
        "evaluated_queries": 11,
        "success_count": 3,