{
  "metadata": {
    "commit_id": "28ef30e21aec8303f124b539a891283dfc3d4005",
    "git_label": "v0.2.8-89-g28ef30e2",
    "model": "llama-3.3-70b-instruct",
    "knowledge_graph_files": "..\\knowledge-graph\\velektronik-graph-clean\\abox-en.ttl.gz ..\\knowledge-graph\\velektronik-graph-clean\\tbox.ttl"
  },
  "dataset_metrics": {
    "dataset_size": 58,
    "evaluation_size": 56,
    "success_count": 32,
    "failure_count": 24
  },
  "performance_metrics": {
    "success": {
      "em": 0.23214285714285715,
      "f1": 0.2500328649859046,
      "recall": 0.3248299319727891,
      "precision": 0.2450679308761739
    },
    "overall": {
      "em": 0.22413793103448276,
      "f1": 0.24141104205535616,
      "recall": 0.3136288998357964,
      "precision": 0.23661731257009894
    },
    "success_only": {
      "em": 0.40625,
      "f1": 0.4292968471116353,
      "recall": 0.53125,
      "precision": 0.42041362157378886
    },
    "failure_only": {
      "em": 0.0,
      "f1": 0.011014222151597012,
      "recall": 0.0496031746031746,
      "precision": 0.011273676612687288
    }
  },
  "query_metrics": {
    "unparsable_sparql_queries": 1,
    "unavailable_sparql_queries": 1
  },
  "state_metrics": {
    "success": 32,
    "fail": 25,
    "init": 0,
    "error_api": 0,
    "unknown": 1,
    "success_rate": 0.5517241379310345,
    "failure_rate": 0.43103448275862066
  },
  "resource_metrics": {
    "avg_tokens_in": 50881.71428571428,
    "avg_tokens_out": 799.4642857142857,
    "avg_elapsed_time": 78770.19642857143,
    "avg_iteration": 5.571428571428571
  }
}