{
  "metadata": {
    "commit_id": "a084b38e1d7b67039f0d60b14814ef1241c00fd7",
    "git_label": "v0.2.8-90-ga084b38e",
    "model": "llama-3.3-70b-instruct",
    "knowledge_graph_files": "..\\knowledge-graph\\velektronik-graph-clean\\abox-en.ttl.gz ..\\knowledge-graph\\velektronik-graph-clean\\tbox.ttl"
  },
  "subjects": {
    "two triple patterns": {
      "dataset_metrics": {
        "total_queries": 14,
        "evaluated_queries": 14,
        "success_count": 13,
        "failure_count": 1
      },
      "performance_metrics": {
        "em": 0.5,
        "f1": 0.5884353741496599,
        "recall": 0.6428571428571429,
        "precision": 0.5642857142857143,
        "success_only": {
          "em": 0.5384615384615384,
          "f1": 0.6336996336996337,
          "recall": 0.6923076923076923,
          "precision": 0.6076923076923078,
          "count": 13
        },
        "failure_only": {
          "em": 0.0,
          "f1": 0.0,
          "recall": 0.0,
          "precision": 0.0,
          "count": 1
        }
      },
      "query_metrics": {
        "unparsable_sparql_queries": 0,
        "unavailable_sparql_queries": 0
      },
      "state_metrics": {
        "success": 13,
        "fail": 1,
        "init": 0,
        "error_api": 0,
        "unknown": 0,
        "success_rate": 0.9285714285714286,
        "failure_rate": 0.07142857142857142
      },
      "resource_metrics": {
        "avg_tokens_in": 58976.71428571428,
        "avg_tokens_out": 717.4285714285714,
        "avg_elapsed_time": 111450.57142857143,
        "avg_iteration": 5.0,
        "count": 14
      }
    },
    "one triple pattern": {
      "dataset_metrics": {
        "total_queries": 14,
        "evaluated_queries": 14,
        "success_count": 13,
        "failure_count": 1
      },
      "performance_metrics": {
        "em": 0.42857142857142855,
        "f1": 0.5998499845465008,
        "recall": 0.7714285714285715,
        "precision": 0.5945796859734939,
        "success_only": {
          "em": 0.46153846153846156,
          "f1": 0.6459922910500778,
          "recall": 0.8307692307692308,
          "precision": 0.6403165848945319,
          "count": 13
        },
        "failure_only": {
          "em": 0.0,
          "f1": 0.0,
          "recall": 0.0,
          "precision": 0.0,
          "count": 1
        }
      },
      "query_metrics": {
        "unparsable_sparql_queries": 0,
        "unavailable_sparql_queries": 0
      },
      "state_metrics": {
        "success": 13,
        "fail": 1,
        "init": 0,
        "error_api": 0,
        "unknown": 0,
        "success_rate": 0.9285714285714286,
        "failure_rate": 0.07142857142857142
      },
      "resource_metrics": {
        "avg_tokens_in": 64177.57142857143,
        "avg_tokens_out": 707.3571428571429,
        "avg_elapsed_time": 103551.5,
        "avg_iteration": 4.857142857142857,
        "count": 14
      }
    },
    "four triple patterns": {
      "dataset_metrics": {
        "total_queries": 7,
        "evaluated_queries": 7,
        "success_count": 2,
        "failure_count": 5
      },
      "performance_metrics": {
        "em": 0.14285714285714285,
        "f1": 0.22167487684729065,
        "recall": 0.19727891156462585,
        "precision": 0.2857142857142857,
        "success_only": {
          "em": 0.5,
          "f1": 0.7758620689655172,
          "recall": 0.6904761904761905,
          "precision": 1.0,
          "count": 2
        },
        "failure_only": {
          "em": 0.0,
          "f1": 0.0,
          "recall": 0.0,
          "precision": 0.0,
          "count": 5
        }
      },
      "query_metrics": {
        "unparsable_sparql_queries": 0,
        "unavailable_sparql_queries": 0
      },
      "state_metrics": {
        "success": 2,
        "fail": 5,
        "init": 0,
        "error_api": 0,
        "unknown": 0,
        "success_rate": 0.2857142857142857,
        "failure_rate": 0.7142857142857143
      },
      "resource_metrics": {
        "avg_tokens_in": 78490.42857142857,
        "avg_tokens_out": 945.0,
        "avg_elapsed_time": 115227.0,
        "avg_iteration": 6.428571428571429,
        "count": 7
      }
    },
    "keyfigure": {
      "dataset_metrics": {
        "total_queries": 15,
        "evaluated_queries": 15,
        "success_count": 3,
        "failure_count": 11
      },
      "performance_metrics": {
        "em": 0.06666666666666667,
        "f1": 0.06666666666666667,
        "recall": 0.06666666666666667,
        "precision": 0.06666666666666667,
        "success_only": {
          "em": 0.3333333333333333,
          "f1": 0.3333333333333333,
          "recall": 0.3333333333333333,
          "precision": 0.3333333333333333,
          "count": 3
        },
        "failure_only": {
          "em": 0.0,
          "f1": 0.0,
          "recall": 0.0,
          "precision": 0.0,
          "count": 11
        }
      },
      "query_metrics": {
        "unparsable_sparql_queries": 0,
        "unavailable_sparql_queries": 1
      },
      "state_metrics": {
        "success": 4,
        "fail": 11,
        "init": 0,
        "error_api": 0,
        "unknown": 0,
        "success_rate": 0.26666666666666666,
        "failure_rate": 0.7333333333333333
      },
      "resource_metrics": {
        "avg_tokens_in": 68606.14285714286,
        "avg_tokens_out": 1003.1428571428571,
        "avg_elapsed_time": 112576.71428571429,
        "avg_iteration": 6.714285714285714,
        "count": 14
      }
    },
    "three triple patterns": {
      "dataset_metrics": {
        "total_queries": 23,
        "evaluated_queries": 23,
        "success_count": 11,
        "failure_count": 11
      },
      "performance_metrics": {
        "em": 0.34782608695652173,
        "f1": 0.34782608695652173,
        "recall": 0.34782608695652173,
        "precision": 0.34782608695652173,
        "success_only": {
          "em": 0.7272727272727273,
          "f1": 0.7272727272727273,
          "recall": 0.7272727272727273,
          "precision": 0.7272727272727273,
          "count": 11
        },
        "failure_only": {
          "em": 0.0,
          "f1": 0.0,
          "recall": 0.0,
          "precision": 0.0,
          "count": 11
        }
      },
      "query_metrics": {
        "unparsable_sparql_queries": 0,
        "unavailable_sparql_queries": 1
      },
      "state_metrics": {
        "success": 12,
        "fail": 11,
        "init": 0,
        "error_api": 0,
        "unknown": 0,
        "success_rate": 0.5217391304347826,
        "failure_rate": 0.4782608695652174
      },
      "resource_metrics": {
        "avg_tokens_in": 75436.04545454546,
        "avg_tokens_out": 975.2727272727273,
        "avg_elapsed_time": 139894.45454545456,
        "avg_iteration": 5.818181818181818,
        "count": 22
      }
    },
    "geo": {
      "dataset_metrics": {
        "total_queries": 14,
        "evaluated_queries": 14,
        "success_count": 11,
        "failure_count": 3
      },
      "performance_metrics": {
        "em": 0.5,
        "f1": 0.5476190476190476,
        "recall": 0.5714285714285714,
        "precision": 0.5357142857142857,
        "success_only": {
          "em": 0.6363636363636364,
          "f1": 0.6969696969696969,
          "recall": 0.7272727272727273,
          "precision": 0.6818181818181818,
          "count": 11
        },
        "failure_only": {
          "em": 0.0,
          "f1": 0.0,
          "recall": 0.0,
          "precision": 0.0,
          "count": 3
        }
      },
      "query_metrics": {
        "unparsable_sparql_queries": 0,
        "unavailable_sparql_queries": 0
      },
      "state_metrics": {
        "success": 11,
        "fail": 3,
        "init": 0,
        "error_api": 0,
        "unknown": 0,
        "success_rate": 0.7857142857142857,
        "failure_rate": 0.21428571428571427
      },
      "resource_metrics": {
        "avg_tokens_in": 78556.35714285714,