{
  "metadata": {
    "commit_id": "fa87822d9e4dc7607312373ccc8fbd8675364b05",
    "git_label": "v0.2.8-93-gfa87822d",
    "model": "llama-3.3-70b-instruct",
    "knowledge_graph_files": "..\\knowledge-graph\\velektronik-graph-clean\\abox-en.ttl.gz ..\\knowledge-graph\\velektronik-graph-clean\\tbox.ttl"
  },
  "dataset_metrics": {
    "dataset_size": 58,
    "evaluation_size": 58,
    "success_count": 42,
    "failure_count": 16
  },
  "performance_metrics": {
    "success": {
      "em": 0.3620689655172414,
      "f1": 0.43384143003976383,
      "recall": 0.5332640645438791,
      "precision": 0.45297699947690323
    },
    "overall": {
      "em": 0.3620689655172414,
      "f1": 0.43384143003976383,
      "recall": 0.5332640645438791,
      "precision": 0.45297699947690323
    },
    "success_only": {
      "em": 0.5,
      "f1": 0.5991143557691977,
      "recall": 0.736412279608214,
      "precision": 0.6255396659442949
    },
    "failure_only": {
      "em": 0.0,
      "f1": 0.0,
      "recall": 0.0,
      "precision": 0.0
    }
  },
  "query_metrics": {
    "unparsable_sparql_queries": 0,
    "unavailable_sparql_queries": 0
  },
  "state_metrics": {
    "success": 42,
    "fail": 16,
    "init": 0,
    "error_api": 0,
    "unknown": 0,
    "success_rate": 0.7241379310344828,
    "failure_rate": 0.27586206896551724
  },
  "resource_metrics": {
    "avg_tokens_in": 71272.46551724138,
    "avg_tokens_out": 785.5862068965517,
    "avg_elapsed_time": 84947.27586206897,
    "avg_iteration": 5.431034482758621
  }
}