{
  "metadata": {
    "commit_id": "5e507554e7591bf3e1500b8f32ab0205253aa1ca",
    "git_label": "v0.2.8-91-g5e507554",
    "model": "llama-3.3-70b-instruct",
    "knowledge_graph_files": "..\\knowledge-graph\\velektronik-graph-clean\\abox-en.ttl.gz ..\\knowledge-graph\\velektronik-graph-clean\\tbox.ttl"
  },
  "subjects": {
    "two triple patterns": {
      "dataset_metrics": {
        "total_queries": 14,
        "evaluated_queries": 13,
        "success_count": 11,
        "failure_count": 2
      },
      "performance_metrics": {
        "em": 0.23076923076923078,
        "f1": 0.302031302031302,
        "recall": 0.2807118254879449,
        "precision": 0.38461538461538464,
        "success_only": {
          "em": 0.2727272727272727,
          "f1": 0.35694608421881147,
          "recall": 0.33175033921302577,
          "precision": 0.45454545454545453,
          "count": 11
        },
        "failure_only": {
          "em": 0.0,
          "f1": 0.0,
          "recall": 0.0,
          "precision": 0.0,
          "count": 2
        }
      },
      "query_metrics": {
        "unparsable_sparql_queries": 0,
        "unavailable_sparql_queries": 0
      },
      "state_metrics": {
        "success": 11,
        "fail": 2,
        "init": 0,
        "error_api": 0,
        "unknown": 0,
        "success_rate": 0.8461538461538461,
        "failure_rate": 0.15384615384615385
      },
      "resource_metrics": {
        "avg_tokens_in": 35899.230769230766,
        "avg_tokens_out": 761.5384615384615,
        "avg_elapsed_time": 59680.38461538462,
        "avg_iteration": 5.615384615384615,
        "count": 13
      }
    },
    "one triple pattern": {
      "dataset_metrics": {
        "total_queries": 14,
        "evaluated_queries": 14,
        "success_count": 12,
        "failure_count": 2
      },
      "performance_metrics": {
        "em": 0.5714285714285714,
        "f1": 0.6078982742849314,
        "recall": 0.7857142857142857,
        "precision": 0.5948029002592081,
        "success_only": {
          "em": 0.6666666666666666,
          "f1": 0.70921465333242,
          "recall": 0.9166666666666666,
          "precision": 0.6939367169690761,
          "count": 12
        },
        "failure_only": {
          "em": 0.0,
          "f1": 0.0,
          "recall": 0.0,
          "precision": 0.0,
          "count": 2
        }
      },
      "query_metrics": {
        "unparsable_sparql_queries": 0,
        "unavailable_sparql_queries": 0
      },
      "state_metrics": {
        "success": 12,
        "fail": 2,
        "init": 0,
        "error_api": 0,
        "unknown": 0,
        "success_rate": 0.8571428571428571,
        "failure_rate": 0.14285714285714285
      },
      "resource_metrics": {
        "avg_tokens_in": 25182.714285714286,
        "avg_tokens_out": 599.9285714285714,
        "avg_elapsed_time": 47349.0,
        "avg_iteration": 4.642857142857143,
        "count": 14
      }
    },
    "four triple patterns": {
      "dataset_metrics": {
        "total_queries": 7,
        "evaluated_queries": 7,
        "success_count": 3,
        "failure_count": 4
      },
      "performance_metrics": {
        "em": 0.0,
        "f1": 0.041194255479969764,
        "recall": 0.17006802721088435,
        "precision": 0.04047992823503028,
        "success_only": {
          "em": 0.0,
          "f1": 0.0961199294532628,
          "recall": 0.3968253968253968,
          "precision": 0.09445316588173731,
          "count": 3
        },
        "failure_only": {
          "em": 0.0,
          "f1": 0.0,
          "recall": 0.0,
          "precision": 0.0,
          "count": 4
        }
      },
      "query_metrics": {
        "unparsable_sparql_queries": 0,
        "unavailable_sparql_queries": 0
      },
      "state_metrics": {
        "success": 3,
        "fail": 4,
        "init": 0,
        "error_api": 0,
        "unknown": 0,
        "success_rate": 0.42857142857142855,
        "failure_rate": 0.5714285714285714
      },
      "resource_metrics": {
        "avg_tokens_in": 36090.142857142855,
        "avg_tokens_out": 812.5714285714286,
        "avg_elapsed_time": 68168.14285714286,
        "avg_iteration": 5.285714285714286,
        "count": 7
      }
    },
    "keyfigure": {
      "dataset_metrics": {
        "total_queries": 15,
        "evaluated_queries": 15,
        "success_count": 5,
        "failure_count": 10
      },
      "performance_metrics": {
        "em": 0.06666666666666667,
        "f1": 0.07160493827160493,
        "recall": 0.13333333333333333,
        "precision": 0.06923076923076923,
        "success_only": {
          "em": 0.2,
          "f1": 0.2148148148148148,
          "recall": 0.4,
          "precision": 0.2076923076923077,
          "count": 5
        },
        "failure_only": {
          "em": 0.0,
          "f1": 0.0,
          "recall": 0.0,
          "precision": 0.0,
          "count": 10
        }
      },
      "query_metrics": {
        "unparsable_sparql_queries": 0,
        "unavailable_sparql_queries": 0
      },
      "state_metrics": {
        "success": 5,
        "fail": 10,
        "init": 0,
        "error_api": 0,
        "unknown": 0,
        "success_rate": 0.3333333333333333,
        "failure_rate": 0.6666666666666666
      },
      "resource_metrics": {
        "avg_tokens_in": 45342.0,
        "avg_tokens_out": 954.2,
        "avg_elapsed_time": 73250.93333333333,
        "avg_iteration": 6.6,
        "count": 15
      }
    },
    "three triple patterns": {
      "dataset_metrics": {
        "total_queries": 23,
        "evaluated_queries": 23,
        "success_count": 7,
        "failure_count": 16
      },
      "performance_metrics": {
        "em": 0.08695652173913043,
        "f1": 0.09391304347826088,
        "recall": 0.09073724007561436,
        "precision": 0.13043478260869565,
        "success_only": {
          "em": 0.2857142857142857,
          "f1": 0.3085714285714286,
          "recall": 0.2981366459627329,
          "precision": 0.42857142857142855,
          "count": 7
        },
        "failure_only": {
          "em": 0.0,
          "f1": 0.0,
          "recall": 0.0,
          "precision": 0.0,
          "count": 16
        }
      },
      "query_metrics": {
        "unparsable_sparql_queries": 0,
        "unavailable_sparql_queries": 0
      },
      "state_metrics": {
        "success": 7,
        "fail": 16,
        "init": 0,
        "error_api": 0,
        "unknown": 0,
        "success_rate": 0.30434782608695654,
        "failure_rate": 0.6956521739130435
      },
      "resource_metrics": {
        "avg_tokens_in": 54000.782608695656,
        "avg_tokens_out": 983.1304347826087,
        "avg_elapsed_time": 76559.91304347826,
        "avg_iteration": 6.434782608695652,
        "count": 23
      }
    },
    "geo": {
      "dataset_metrics": {
        "total_queries": 14,
        "evaluated_queries": 13,
        "success_count": 8,
        "failure_count": 5
      },
      "performance_metrics": {
        "em": 0.15384615384615385,
        "f1": 0.21743589743589745,
        "recall": 0.19899665551839466,
        "precision": 0.3076923076923077,
        "success_only": {
          "em": 0.25,
          "f1": 0.35333333333333333,
          "recall": 0.3233695652173913,
          "precision": 0.5,
          "count": 8
        },
        "failure_only": {
          "em": 0.0,
          "f1": 0.0,
          "recall": 0.0,
          "precision": 0.0,
          "count": 5
        }
      },
      "query_metrics": {
        "unparsable_sparql_queries": 0,
        "unavailable_sparql_queries": 0
      },
      "state_metrics": {
        "success": 8,
        "fail": 5,
        "init": 0,
        "error_api": 0,
        "unknown": 0,
        "success_rate": 0.6153846153846154,
        "failure_rate": 0.38461538461538464
      },
      "resource_metrics": {
        "avg_tokens_in": 37406.07692307692,
        "avg_tokens_out": 812.6153846153846,