{
  "metadata": {
    "commit_id": "5e507554e7591bf3e1500b8f32ab0205253aa1ca",
    "git_label": "v0.2.8-91-g5e507554",
    "model": "llama-3.3-70b-instruct",
    "knowledge_graph_files": "..\\knowledge-graph\\velektronik-graph-clean\\abox-en.ttl.gz ..\\knowledge-graph\\velektronik-graph-clean\\tbox.ttl"
  },
  "dataset_metrics": {
    "dataset_size": 58,
    "evaluation_size": 57,
    "success_count": 33,
    "failure_count": 24
  },
  "performance_metrics": {
    "success": {
      "em": 0.22807017543859648,
      "f1": 0.26114636060975005,
      "recall": 0.31450327093962466,
      "precision": 0.2914140368644583
    },
    "overall": {
      "em": 0.22413793103448276,
      "f1": 0.2566438371509613,
      "recall": 0.3090808007510104,
      "precision": 0.28638965691851936
    },
    "success_only": {
      "em": 0.3939393939393939,
      "f1": 0.4510709865077501,
      "recall": 0.5432329225320789,
      "precision": 0.503351518220428
    },
    "failure_only": {
      "em": 0.0,
      "f1": 0.0,
      "recall": 0.0,
      "precision": 0.0
    }
  },
  "query_metrics": {
    "unparsable_sparql_queries": 0,
    "unavailable_sparql_queries": 0
  },
  "state_metrics": {
    "success": 33,
    "fail": 24,
    "init": 0,
    "error_api": 0,
    "unknown": 0,
    "success_rate": 0.5689655172413793,
    "failure_rate": 0.41379310344827586
  },
  "resource_metrics": {
    "avg_tokens_in": 40594.68421052631,
    "avg_tokens_out": 817.5263157894736,
    "avg_elapsed_time": 64505.01754385965,
    "avg_iteration": 5.666666666666667
  }
}