{
  "metadata": {
    "commit_id": "5e507554e7591bf3e1500b8f32ab0205253aa1ca",
    "git_label": "v0.2.8-91-g5e507554",
    "model": "llama-3.3-70b-instruct",
    "knowledge_graph_files": "..\\knowledge-graph\\velektronik-graph-clean\\abox-en.ttl.gz ..\\knowledge-graph\\velektronik-graph-clean\\tbox.ttl"
  },
  "dataset_metrics": {
    "dataset_size": 58,
    "evaluation_size": 58,
    "success_count": 23,
    "failure_count": 34
  },
  "performance_metrics": {
    "success": {
      "em": 0.15517241379310345,
      "f1": 0.19758449378869405,
      "recall": 0.2637931034482759,
      "precision": 0.19632594239980958
    },
    "overall": {
      "em": 0.15517241379310345,
      "f1": 0.19758449378869405,
      "recall": 0.2637931034482759,
      "precision": 0.19632594239980958
    },
    "success_only": {
      "em": 0.391304347826087,
      "f1": 0.4921589885784883,
      "recall": 0.6217391304347827,
      "precision": 0.4918041227444948
    },
    "failure_only": {
      "em": 0.0,
      "f1": 0.004124820659971306,
      "recall": 0.029411764705882353,
      "precision": 0.002217936354869817
    }
  },
  "query_metrics": {
    "unparsable_sparql_queries": 0,
    "unavailable_sparql_queries": 0
  },
  "state_metrics": {
    "success": 23,
    "fail": 34,
    "init": 0,
    "error_api": 0,
    "unknown": 1,
    "success_rate": 0.39655172413793105,
    "failure_rate": 0.5862068965517241
  },
  "resource_metrics": {
    "avg_tokens_in": 17625.706896551725,
    "avg_tokens_out": 816.0,
    "avg_elapsed_time": 56685.98275862069,
    "avg_iteration": 5.948275862068965
  }
}