{
  "metadata": {
    "commit_id": "28ef30e21aec8303f124b539a891283dfc3d4005",
    "git_label": "v0.2.8-89-g28ef30e2",
    "model": "llama-3.3-70b-instruct",
    "knowledge_graph_files": "..\\knowledge-graph\\velektronik-graph-clean\\abox-en.ttl.gz ..\\knowledge-graph\\velektronik-graph-clean\\tbox.ttl"
  },
  "subjects": {
    "two triple patterns": {
      "dataset_metrics": {
        "total_queries": 14,
        "evaluated_queries": 14,
        "success_count": 11,
        "failure_count": 3
      },
      "performance_metrics": {
        "em": 0.2857142857142857,
        "f1": 0.32653061224489793,
        "recall": 0.35714285714285715,
        "precision": 0.31428571428571433,
        "success_only": {
          "em": 0.36363636363636365,
          "f1": 0.41558441558441556,
          "recall": 0.45454545454545453,
          "precision": 0.4,
          "count": 11
        },
        "failure_only": {
          "em": 0.0,
          "f1": 0.0,
          "recall": 0.0,
          "precision": 0.0,
          "count": 3
        }
      },
      "query_metrics": {
        "unparsable_sparql_queries": 0,
        "unavailable_sparql_queries": 0
      },
      "state_metrics": {
        "success": 11,
        "fail": 3,
        "init": 0,
        "error_api": 0,
        "unknown": 0,
        "success_rate": 0.7857142857142857,
        "failure_rate": 0.21428571428571427
      },
      "resource_metrics": {
        "avg_tokens_in": 51830.642857142855,
        "avg_tokens_out": 837.5714285714286,
        "avg_elapsed_time": 83072.78571428571,
        "avg_iteration": 5.928571428571429,
        "count": 14
      }
    },
    "one triple pattern": {
      "dataset_metrics": {
        "total_queries": 14,
        "evaluated_queries": 14,
        "success_count": 14,
        "failure_count": 0
      },
      "performance_metrics": {
        "em": 0.7857142857142857,
        "f1": 0.8214837084586009,
        "recall": 0.9285714285714286,
        "precision": 0.8087367496610378,
        "success_only": {
          "em": 0.7857142857142857,
          "f1": 0.8214837084586009,
          "recall": 0.9285714285714286,
          "precision": 0.8087367496610378,
          "count": 14
        },
        "failure_only": {
          "em": 0,
          "f1": 0,
          "recall": 0,
          "precision": 0,
          "count": 0
        }
      },
      "query_metrics": {
        "unparsable_sparql_queries": 0,
        "unavailable_sparql_queries": 0
      },
      "state_metrics": {
        "success": 14,
        "fail": 0,
        "init": 0,
        "error_api": 0,
        "unknown": 0,
        "success_rate": 1.0,
        "failure_rate": 0.0
      },
      "resource_metrics": {
        "avg_tokens_in": 38692.28571428572,
        "avg_tokens_out": 638.4285714285714,
        "avg_elapsed_time": 60499.28571428572,
        "avg_iteration": 5.0,
        "count": 14
      }
    },
    "four triple patterns": {
      "dataset_metrics": {
        "total_queries": 7,
        "evaluated_queries": 7,
        "success_count": 1,
        "failure_count": 6
      },
      "performance_metrics": {
        "em": 0.0,
        "f1": 0.0,
        "recall": 0.0,
        "precision": 0.0,
        "success_only": {
          "em": 0.0,
          "f1": 0.0,
          "recall": 0.0,
          "precision": 0.0,
          "count": 1
        },
        "failure_only": {
          "em": 0.0,
          "f1": 0.0,
          "recall": 0.0,
          "precision": 0.0,
          "count": 6
        }
      },
      "query_metrics": {
        "unparsable_sparql_queries": 0,
        "unavailable_sparql_queries": 0
      },
      "state_metrics": {
        "success": 1,
        "fail": 6,
        "init": 0,
        "error_api": 0,
        "unknown": 0,
        "success_rate": 0.14285714285714285,
        "failure_rate": 0.8571428571428571
      },
      "resource_metrics": {
        "avg_tokens_in": 63704.0,
        "avg_tokens_out": 933.1428571428571,
        "avg_elapsed_time": 92264.0,
        "avg_iteration": 6.428571428571429,
        "count": 7
      }
    },
    "keyfigure": {
      "dataset_metrics": {
        "total_queries": 15,
        "evaluated_queries": 15,
        "success_count": 7,
        "failure_count": 8
      },
      "performance_metrics": {
        "em": 0.0,
        "f1": 0.0,
        "recall": 0.0,
        "precision": 0.0,
        "success_only": {
          "em": 0.0,
          "f1": 0.0,
          "recall": 0.0,
          "precision": 0.0,
          "count": 7
        },
        "failure_only": {
          "em": 0.0,
          "f1": 0.0,
          "recall": 0.0,
          "precision": 0.0,
          "count": 8
        }
      },
      "query_metrics": {
        "unparsable_sparql_queries": 0,
        "unavailable_sparql_queries": 0
      },
      "state_metrics": {
        "success": 7,
        "fail": 8,
        "init": 0,
        "error_api": 0,
        "unknown": 0,
        "success_rate": 0.4666666666666667,
        "failure_rate": 0.5333333333333333
      },
      "resource_metrics": {
        "avg_tokens_in": 55581.066666666666,
        "avg_tokens_out": 901.9333333333333,
        "avg_elapsed_time": 84469.53333333334,
        "avg_iteration": 6.133333333333334,
        "count": 15
      }
    },
    "three triple patterns": {
      "dataset_metrics": {
        "total_queries": 23,
        "evaluated_queries": 23,
        "success_count": 11,
        "failure_count": 12
      },
      "performance_metrics": {
        "em": 0.13043478260869565,
        "f1": 0.13043478260869565,
        "recall": 0.13043478260869565,
        "precision": 0.13043478260869565,
        "success_only": {
          "em": 0.2727272727272727,
          "f1": 0.2727272727272727,
          "recall": 0.2727272727272727,
          "precision": 0.2727272727272727,
          "count": 11
        },
        "failure_only": {
          "em": 0.0,
          "f1": 0.0,
          "recall": 0.0,
          "precision": 0.0,
          "count": 12
        }
      },
      "query_metrics": {
        "unparsable_sparql_queries": 0,
        "unavailable_sparql_queries": 0
      },
      "state_metrics": {
        "success": 11,
        "fail": 12,
        "init": 0,
        "error_api": 0,
        "unknown": 0,
        "success_rate": 0.4782608695652174,
        "failure_rate": 0.5217391304347826
      },
      "resource_metrics": {
        "avg_tokens_in": 73241.26086956522,
        "avg_tokens_out": 961.4782608695652,
        "avg_elapsed_time": 96276.91304347826,
        "avg_iteration": 6.260869565217392,
        "count": 23
      }
    },
    "geo": {
      "dataset_metrics": {
        "total_queries": 14,
        "evaluated_queries": 14,
        "success_count": 8,
        "failure_count": 6
      },
      "performance_metrics": {
        "em": 0.21428571428571427,
        "f1": 0.21428571428571427,
        "recall": 0.21428571428571427,
        "precision": 0.21428571428571427,
        "success_only": {
          "em": 0.375,
          "f1": 0.375,
          "recall": 0.375,
          "precision": 0.375,
          "count": 8
        },
        "failure_only": {
          "em": 0.0,
          "f1": 0.0,
          "recall": 0.0,
          "precision": 0.0,
          "count": 6
        }
      },
      "query_metrics": {
        "unparsable_sparql_queries": 0,
        "unavailable_sparql_queries": 0
      },
      "state_metrics": {
        "success": 8,
        "fail": 6,
        "init": 0,
        "error_api": 0,
        "unknown": 0,
        "success_rate": 0.5714285714285714,
        "failure_rate": 0.42857142857142855
      },
      "resource_metrics": {
        "avg_tokens_in": 65234.357142857145,
        "avg_tokens_out": 1016.0714285714286,
        "avg_elapsed_time": 97066.71428571429,
        "avg_iteration": 6.642857142857143,
        "count": 14
      }
    },
    "supply": {
      "dataset_metrics": {
        "total_queries": 11,
        "evaluated_queries": 11,
        "success_count": 3,