{
  "metadata": {
    "commit_id": "5e507554e7591bf3e1500b8f32ab0205253aa1ca",
    "git_label": "v0.2.8-91-g5e507554",
    "model": "llama-3.3-70b-instruct",
    "knowledge_graph_files": "..\\knowledge-graph\\velektronik-graph-clean\\abox-en.ttl.gz ..\\knowledge-graph\\velektronik-graph-clean\\tbox.ttl"
  },
  "subjects": {
    "two triple patterns": {
      "dataset_metrics": {
        "total_queries": 14,
        "evaluated_queries": 14,
        "success_count": 5,
        "failure_count": 8
      },
      "performance_metrics": {
        "em": 0.07142857142857142,
        "f1": 0.16288737717309149,
        "recall": 0.21428571428571427,
        "precision": 0.1392271662763466,
        "success_only": {
          "em": 0.2,
          "f1": 0.4560846560846562,
          "recall": 0.6,
          "precision": 0.3898360655737705,
          "count": 5
        },
        "failure_only": {
          "em": 0.0,
          "f1": 0.0,
          "recall": 0.0,
          "precision": 0.0,
          "count": 8
        }
      },
      "query_metrics": {
        "unparsable_sparql_queries": 0,
        "unavailable_sparql_queries": 1
      },
      "state_metrics": {
        "success": 6,
        "fail": 8,
        "init": 0,
        "error_api": 0,
        "unknown": 0,
        "success_rate": 0.42857142857142855,
        "failure_rate": 0.5714285714285714
      },
      "resource_metrics": {
        "avg_tokens_in": 13254.076923076924,
        "avg_tokens_out": 680.7692307692307,
        "avg_elapsed_time": 45080.153846153844,
        "avg_iteration": 5.230769230769231,
        "count": 13
      }
    },
    "one triple pattern": {
      "dataset_metrics": {
        "total_queries": 14,
        "evaluated_queries": 14,
        "success_count": 10,
        "failure_count": 3
      },
      "performance_metrics": {
        "em": 0.5,
        "f1": 0.5775297825258763,
        "recall": 0.7214285714285714,
        "precision": 0.6124662060453614,
        "success_only": {
          "em": 0.7,
          "f1": 0.7682590100238593,
          "recall": 0.9099999999999999,
          "precision": 0.8322314495254529,
          "count": 10
        },
        "failure_only": {
          "em": 0.0,
          "f1": 0.1342756183745583,
          "recall": 0.3333333333333333,
          "precision": 0.084070796460177,
          "count": 3
        }
      },
      "query_metrics": {
        "unparsable_sparql_queries": 0,
        "unavailable_sparql_queries": 0
      },
      "state_metrics": {
        "success": 10,
        "fail": 3,
        "init": 0,
        "error_api": 0,
        "unknown": 1,
        "success_rate": 0.7142857142857143,
        "failure_rate": 0.21428571428571427
      },
      "resource_metrics": {
        "avg_tokens_in": 13676.92857142857,
        "avg_tokens_out": 686.6428571428571,
        "avg_elapsed_time": 50450.42857142857,
        "avg_iteration": 5.357142857142857,
        "count": 14
      }
    },
    "four triple patterns": {
      "dataset_metrics": {
        "total_queries": 7,
        "evaluated_queries": 7,
        "success_count": 0,
        "failure_count": 7
      },
      "performance_metrics": {
        "em": 0.0,
        "f1": 0.0,
        "recall": 0.0,
        "precision": 0.0,
        "success_only": {
          "em": 0,
          "f1": 0,
          "recall": 0,
          "precision": 0,
          "count": 0
        },
        "failure_only": {
          "em": 0.0,
          "f1": 0.0,
          "recall": 0.0,
          "precision": 0.0,
          "count": 7
        }
      },
      "query_metrics": {
        "unparsable_sparql_queries": 0,
        "unavailable_sparql_queries": 0
      },
      "state_metrics": {
        "success": 0,
        "fail": 7,
        "init": 0,
        "error_api": 0,
        "unknown": 0,
        "success_rate": 0.0,
        "failure_rate": 1.0
      },
      "resource_metrics": {
        "avg_tokens_in": 14645.285714285714,
        "avg_tokens_out": 768.7142857142857,
        "avg_elapsed_time": 54751.42857142857,
        "avg_iteration": 5.571428571428571,
        "count": 7
      }
    },
    "keyfigure": {
      "dataset_metrics": {
        "total_queries": 15,
        "evaluated_queries": 15,
        "success_count": 1,
        "failure_count": 14
      },
      "performance_metrics": {
        "em": 0.0,
        "f1": 0.0,
        "recall": 0.0,
        "precision": 0.0,
        "success_only": {
          "em": 0.0,
          "f1": 0.0,
          "recall": 0.0,
          "precision": 0.0,
          "count": 1
        },
        "failure_only": {
          "em": 0.0,
          "f1": 0.0,
          "recall": 0.0,
          "precision": 0.0,
          "count": 14
        }
      },
      "query_metrics": {
        "unparsable_sparql_queries": 0,
        "unavailable_sparql_queries": 0
      },
      "state_metrics": {
        "success": 1,
        "fail": 14,
        "init": 0,
        "error_api": 0,
        "unknown": 0,
        "success_rate": 0.06666666666666667,
        "failure_rate": 0.9333333333333333
      },
      "resource_metrics": {
        "avg_tokens_in": 17549.4,
        "avg_tokens_out": 870.6,
        "avg_elapsed_time": 60253.26666666667,
        "avg_iteration": 6.066666666666666,
        "count": 15
      }
    },
    "three triple patterns": {
      "dataset_metrics": {
        "total_queries": 23,
        "evaluated_queries": 23,
        "success_count": 3,
        "failure_count": 20
      },
      "performance_metrics": {
        "em": 0.0,
        "f1": 0.004076086956521739,
        "recall": 0.043478260869565216,
        "precision": 0.0021382751247327157,
        "success_only": {
          "em": 0.0,
          "f1": 0.0,
          "recall": 0.0,
          "precision": 0.0,
          "count": 3
        },
        "failure_only": {
          "em": 0.0,
          "f1": 0.0046875,
          "recall": 0.05,
          "precision": 0.0024590163934426227,
          "count": 20
        }
      },
      "query_metrics": {
        "unparsable_sparql_queries": 0,
        "unavailable_sparql_queries": 0
      },
      "state_metrics": {
        "success": 3,
        "fail": 20,
        "init": 0,
        "error_api": 0,
        "unknown": 0,
        "success_rate": 0.13043478260869565,
        "failure_rate": 0.8695652173913043
      },
      "resource_metrics": {
        "avg_tokens_in": 22781.521739130436,
        "avg_tokens_out": 1007.3913043478261,
        "avg_elapsed_time": 66474.69565217392,
        "avg_iteration": 6.434782608695652,
        "count": 23
      }
    },
    "geo": {
      "dataset_metrics": {
        "total_queries": 14,
        "evaluated_queries": 14,
        "success_count": 3,
        "failure_count": 10
      },
      "performance_metrics": {
        "em": 0.0,
        "f1": 0.0,
        "recall": 0.0,
        "precision": 0.0,
        "success_only": {
          "em": 0.0,
          "f1": 0.0,
          "recall": 0.0,
          "precision": 0.0,
          "count": 3
        },
        "failure_only": {
          "em": 0.0,
          "f1": 0.0,
          "recall": 0.0,
          "precision": 0.0,
          "count": 10
        }
      },
      "query_metrics": {
        "unparsable_sparql_queries": 0,
        "unavailable_sparql_queries": 1
      },
      "state_metrics": {
        "success": 4,
        "fail": 10,
        "init": 0,
        "error_api": 0,
        "unknown": 0,
        "success_rate": 0.2857142857142857,
        "failure_rate": 0.7142857142857143
      },
      "resource_metrics": {
        "avg_tokens_in": 17007.76923076923,
        "avg_tokens_out": 911.1538461538462,
        "avg_elapsed_time": 57459.92307692308,
        "avg_iteration": 6.153846153846154,
        "count": 13
      }
    },
    "supply": {
      "dataset_metrics": {
        "total_queries": 11,
        "evaluated_queries": 11,
        "success_count": 1,
        "failure_count": 10
      },
      "performance_metrics": {
        "em": 0.0,