{
  "metadata": {
    "commit_id": "5e507554e7591bf3e1500b8f32ab0205253aa1ca",
    "git_label": "v0.2.8-91-g5e507554",
    "model": "llama-3.3-70b-instruct",
    "knowledge_graph_files": "..\\knowledge-graph\\velektronik-graph-clean\\abox-en.ttl.gz ..\\knowledge-graph\\velektronik-graph-clean\\tbox.ttl"
  },
  "subjects": {
    "two triple patterns": {
      "dataset_metrics": {
        "total_queries": 14,
        "evaluated_queries": 14,
        "success_count": 7,
        "failure_count": 6
      },
      "performance_metrics": {
        "em": 0.14285714285714285,
        "f1": 0.2853683846419924,
        "recall": 0.35714285714285715,
        "precision": 0.2506493506493506,
        "success_only": {
          "em": 0.2857142857142857,
          "f1": 0.5707367692839848,
          "recall": 0.7142857142857143,
          "precision": 0.5012987012987012,
          "count": 7
        },
        "failure_only": {
          "em": 0.0,
          "f1": 0.0,
          "recall": 0.0,
          "precision": 0.0,
          "count": 6
        }
      },
      "query_metrics": {
        "unparsable_sparql_queries": 0,
        "unavailable_sparql_queries": 1
      },
      "state_metrics": {
        "success": 8,
        "fail": 6,
        "init": 0,
        "error_api": 0,
        "unknown": 0,
        "success_rate": 0.5714285714285714,
        "failure_rate": 0.42857142857142855
      },
      "resource_metrics": {
        "avg_tokens_in": 15134.923076923076,
        "avg_tokens_out": 745.9230769230769,
        "avg_elapsed_time": 48593.230769230766,
        "avg_iteration": 5.6923076923076925,
        "count": 13
      }
    },
    "one triple pattern": {
      "dataset_metrics": {
        "total_queries": 14,
        "evaluated_queries": 14,
        "success_count": 11,
        "failure_count": 2
      },
      "performance_metrics": {
        "em": 0.5,
        "f1": 0.5341234607050367,
        "recall": 0.6428571428571429,
        "precision": 0.5221674876847291,
        "success_only": {
          "em": 0.6363636363636364,
          "f1": 0.679793495442774,
          "recall": 0.8181818181818182,
          "precision": 0.664576802507837,
          "count": 11
        },
        "failure_only": {
          "em": 0.0,
          "f1": 0.0,
          "recall": 0.0,
          "precision": 0.0,
          "count": 2
        }
      },
      "query_metrics": {
        "unparsable_sparql_queries": 0,
        "unavailable_sparql_queries": 1
      },
      "state_metrics": {
        "success": 11,
        "fail": 2,
        "init": 0,
        "error_api": 0,
        "unknown": 1,
        "success_rate": 0.7857142857142857,
        "failure_rate": 0.14285714285714285
      },
      "resource_metrics": {
        "avg_tokens_in": 11942.692307692309,
        "avg_tokens_out": 592.0,
        "avg_elapsed_time": 34754.61538461538,
        "avg_iteration": 4.923076923076923,
        "count": 13
      }
    },
    "four triple patterns": {
      "dataset_metrics": {
        "total_queries": 7,
        "evaluated_queries": 7,
        "success_count": 0,
        "failure_count": 7
      },
      "performance_metrics": {
        "em": 0.0,
        "f1": 0.0,
        "recall": 0.0,
        "precision": 0.0,
        "success_only": {
          "em": 0,
          "f1": 0,
          "recall": 0,
          "precision": 0,
          "count": 0
        },
        "failure_only": {
          "em": 0.0,
          "f1": 0.0,
          "recall": 0.0,
          "precision": 0.0,
          "count": 7
        }
      },
      "query_metrics": {
        "unparsable_sparql_queries": 0,
        "unavailable_sparql_queries": 0
      },
      "state_metrics": {
        "success": 0,
        "fail": 7,
        "init": 0,
        "error_api": 0,
        "unknown": 0,
        "success_rate": 0.0,
        "failure_rate": 1.0
      },
      "resource_metrics": {
        "avg_tokens_in": 20358.14285714286,
        "avg_tokens_out": 884.5714285714286,
        "avg_elapsed_time": 52305.71428571428,
        "avg_iteration": 6.0,
        "count": 7
      }
    },
    "keyfigure": {
      "dataset_metrics": {
        "total_queries": 15,
        "evaluated_queries": 15,
        "success_count": 0,
        "failure_count": 15
      },
      "performance_metrics": {
        "em": 0.0,
        "f1": 0.0,
        "recall": 0.0,
        "precision": 0.0,
        "success_only": {
          "em": 0,
          "f1": 0,
          "recall": 0,
          "precision": 0,
          "count": 0
        },
        "failure_only": {
          "em": 0.0,
          "f1": 0.0,
          "recall": 0.0,
          "precision": 0.0,
          "count": 15
        }
      },
      "query_metrics": {
        "unparsable_sparql_queries": 0,
        "unavailable_sparql_queries": 0
      },
      "state_metrics": {
        "success": 0,
        "fail": 15,
        "init": 0,
        "error_api": 0,
        "unknown": 0,
        "success_rate": 0.0,
        "failure_rate": 1.0
      },
      "resource_metrics": {
        "avg_tokens_in": 16073.6,
        "avg_tokens_out": 782.0666666666667,
        "avg_elapsed_time": 47443.8,
        "avg_iteration": 5.6,
        "count": 15
      }
    },
    "three triple patterns": {
      "dataset_metrics": {
        "total_queries": 23,
        "evaluated_queries": 23,
        "success_count": 3,
        "failure_count": 20
      },
      "performance_metrics": {
        "em": 0.0,
        "f1": 0.008695652173913044,
        "recall": 0.004830917874396135,
        "precision": 0.043478260869565216,
        "success_only": {
          "em": 0.0,
          "f1": 0.06666666666666667,
          "recall": 0.037037037037037035,
          "precision": 0.3333333333333333,
          "count": 3
        },
        "failure_only": {
          "em": 0.0,
          "f1": 0.0,
          "recall": 0.0,
          "precision": 0.0,
          "count": 20
        }
      },
      "query_metrics": {
        "unparsable_sparql_queries": 0,
        "unavailable_sparql_queries": 0
      },
      "state_metrics": {
        "success": 3,
        "fail": 20,
        "init": 0,
        "error_api": 0,
        "unknown": 0,
        "success_rate": 0.13043478260869565,
        "failure_rate": 0.8695652173913043
      },
      "resource_metrics": {
        "avg_tokens_in": 17828.739130434784,
        "avg_tokens_out": 885.8695652173913,
        "avg_elapsed_time": 54448.565217391304,
        "avg_iteration": 5.695652173913044,
        "count": 23
      }
    },
    "geo": {
      "dataset_metrics": {
        "total_queries": 14,
        "evaluated_queries": 14,
        "success_count": 5,
        "failure_count": 8
      },
      "performance_metrics": {
        "em": 0.07142857142857142,
        "f1": 0.11904761904761904,
        "recall": 0.14285714285714285,
        "precision": 0.10714285714285714,
        "success_only": {
          "em": 0.2,
          "f1": 0.3333333333333333,
          "recall": 0.4,
          "precision": 0.3,
          "count": 5
        },
        "failure_only": {
          "em": 0.0,
          "f1": 0.0,
          "recall": 0.0,
          "precision": 0.0,
          "count": 8
        }
      },
      "query_metrics": {
        "unparsable_sparql_queries": 0,
        "unavailable_sparql_queries": 1
      },
      "state_metrics": {
        "success": 6,
        "fail": 8,
        "init": 0,
        "error_api": 0,
        "unknown": 0,
        "success_rate": 0.42857142857142855,
        "failure_rate": 0.5714285714285714
      },
      "resource_metrics": {
        "avg_tokens_in": 21714.23076923077,
        "avg_tokens_out": 1074.7692307692307,
        "avg_elapsed_time": 65915.15384615384,
        "avg_iteration": 6.6923076923076925,
        "count": 13
      }
    },
    "supply": {
      "dataset_metrics": {
        "total_queries": 11,
        "evaluated_queries": 11,
        "success_count": 0,
        "failure_count": 11
      },
      "performance_metrics": {
        "em": 0.0,