{
  "metadata": {
    "commit_id": "28ef30e21aec8303f124b539a891283dfc3d4005",
    "git_label": "v0.2.8-89-g28ef30e2",
    "model": "llama-3.3-70b-instruct",
    "knowledge_graph_files": "..\\knowledge-graph\\velektronik-graph-clean\\abox-en.ttl.gz ..\\knowledge-graph\\velektronik-graph-clean\\tbox.ttl"
  },
  "dataset_metrics": {
    "dataset_size": 58,
    "evaluation_size": 55,
    "success_count": 28,
    "failure_count": 26
  },
  "performance_metrics": {
    "success": {
      "em": 0.21818181818181817,
      "f1": 0.2549646963154757,
      "recall": 0.30159489633173847,
      "precision": 0.2516356646196011
    },
    "overall": {
      "em": 0.20689655172413793,
      "f1": 0.2417768671957097,
      "recall": 0.2859951603145796,
      "precision": 0.2386200267944493
    },
    "success_only": {
      "em": 0.42857142857142855,
      "f1": 0.49330471362720324,
      "recall": 0.5567042606516291,
      "precision": 0.49008266054480465
    },
    "failure_only": {
      "em": 0.0,
      "f1": 0.008097165991902834,
      "recall": 0.038461538461538464,
      "precision": 0.004524886877828054
    }
  },
  "query_metrics": {
    "unparsable_sparql_queries": 1,
    "unavailable_sparql_queries": 2
  },
  "state_metrics": {
    "success": 31,
    "fail": 26,
    "init": 0,
    "error_api": 0,
    "unknown": 1,
    "success_rate": 0.5344827586206896,
    "failure_rate": 0.4482758620689655
  },
  "resource_metrics": {
    "avg_tokens_in": 31500.109090909093,
    "avg_tokens_out": 893.5090909090909,
    "avg_elapsed_time": 63540.69090909091,
    "avg_iteration": 5.781818181818182
  }
}