{
  "metadata": {
    "commit_id": "5e507554e7591bf3e1500b8f32ab0205253aa1ca",
    "git_label": "v0.2.8-91-g5e507554",
    "model": "llama-3.3-70b-instruct",
    "knowledge_graph_files": "..\\knowledge-graph\\velektronik-graph-clean\\abox-en.ttl.gz ..\\knowledge-graph\\velektronik-graph-clean\\tbox.ttl"
  },
  "dataset_metrics": {
    "dataset_size": 58,
    "evaluation_size": 57,
    "success_count": 28,
    "failure_count": 29
  },
  "performance_metrics": {
    "success": {
      "em": 0.17543859649122806,
      "f1": 0.26006771487501845,
      "recall": 0.331820513537965,
      "precision": 0.27074124390024124
    },
    "overall": {
      "em": 0.1724137931034483,
      "f1": 0.25558378875648363,
      "recall": 0.3260994702011035,
      "precision": 0.26607329141920255
    },
    "success_only": {
      "em": 0.35714285714285715,
      "f1": 0.5168960546302698,
      "recall": 0.6040631882737146,
      "precision": 0.5442569288365945
    },
    "failure_only": {
      "em": 0.0,
      "f1": 0.012095524766499933,
      "recall": 0.06896551724137931,
      "precision": 0.0066571343065207995
    }
  },
  "query_metrics": {
    "unparsable_sparql_queries": 0,
    "unavailable_sparql_queries": 1
  },
  "state_metrics": {
    "success": 29,
    "fail": 29,
    "init": 0,
    "error_api": 0,
    "unknown": 0,
    "success_rate": 0.5,
    "failure_rate": 0.5
  },
  "resource_metrics": {
    "avg_tokens_in": 16836.035087719298,
    "avg_tokens_out": 830.1228070175439,
    "avg_elapsed_time": 51181.29824561404,
    "avg_iteration": 5.824561403508772
  }
}