{
  "metadata": {
    "commit_id": "fa87822d9e4dc7607312373ccc8fbd8675364b05",
    "git_label": "v0.2.8-93-gfa87822d",
    "model": "llama-3.3-70b-instruct",
    "knowledge_graph_files": "..\\knowledge-graph\\velektronik-graph-clean\\abox-en.ttl.gz ..\\knowledge-graph\\velektronik-graph-clean\\tbox.ttl"
  },
  "subjects": {
    "two triple patterns": {
      "dataset_metrics": {
        "total_queries": 14,
        "evaluated_queries": 14,
        "success_count": 9,
        "failure_count": 5
      },
      "performance_metrics": {
        "em": 0.2857142857142857,
        "f1": 0.2866541353383459,
        "recall": 0.35714285714285715,
        "precision": 0.28618732261116364,
        "success_only": {
          "em": 0.4444444444444444,
          "f1": 0.4444444444444444,
          "recall": 0.4444444444444444,
          "precision": 0.4444444444444444,
          "count": 9
        },
        "failure_only": {
          "em": 0.0,
          "f1": 0.002631578947368421,
          "recall": 0.2,
          "precision": 0.0013245033112582781,
          "count": 5
        }
      },
      "query_metrics": {
        "unparsable_sparql_queries": 0,
        "unavailable_sparql_queries": 0
      },
      "state_metrics": {
        "success": 9,
        "fail": 5,
        "init": 0,
        "error_api": 0,
        "unknown": 0,
        "success_rate": 0.6428571428571429,
        "failure_rate": 0.35714285714285715
      },
      "resource_metrics": {
        "avg_tokens_in": 34348.92857142857,
        "avg_tokens_out": 786.7857142857143,
        "avg_elapsed_time": 72788.64285714286,
        "avg_iteration": 5.714285714285714,
        "count": 14
      }
    },
    "one triple pattern": {
      "dataset_metrics": {
        "total_queries": 14,
        "evaluated_queries": 14,
        "success_count": 13,
        "failure_count": 1
      },
      "performance_metrics": {
        "em": 0.42857142857142855,
        "f1": 0.5491669159573214,
        "recall": 0.6428571428571429,
        "precision": 0.5364547422696567,
        "success_only": {
          "em": 0.46153846153846156,
          "f1": 0.5914105248771153,
          "recall": 0.6923076923076923,
          "precision": 0.5777204916750149,
          "count": 13
        },
        "failure_only": {
          "em": 0.0,
          "f1": 0.0,
          "recall": 0.0,
          "precision": 0.0,
          "count": 1
        }
      },
      "query_metrics": {
        "unparsable_sparql_queries": 0,
        "unavailable_sparql_queries": 0
      },
      "state_metrics": {
        "success": 13,
        "fail": 1,
        "init": 0,
        "error_api": 0,
        "unknown": 0,
        "success_rate": 0.9285714285714286,
        "failure_rate": 0.07142857142857142
      },
      "resource_metrics": {
        "avg_tokens_in": 34424.71428571428,
        "avg_tokens_out": 592.3571428571429,
        "avg_elapsed_time": 63882.57142857143,
        "avg_iteration": 4.714285714285714,
        "count": 14
      }
    },
    "four triple patterns": {
      "dataset_metrics": {
        "total_queries": 7,
        "evaluated_queries": 7,
        "success_count": 3,
        "failure_count": 4
      },
      "performance_metrics": {
        "em": 0.14285714285714285,
        "f1": 0.22167487684729065,
        "recall": 0.19727891156462585,
        "precision": 0.2857142857142857,
        "success_only": {
          "em": 0.3333333333333333,
          "f1": 0.5172413793103449,
          "recall": 0.4603174603174603,
          "precision": 0.6666666666666666,
          "count": 3
        },
        "failure_only": {
          "em": 0.0,
          "f1": 0.0,
          "recall": 0.0,
          "precision": 0.0,
          "count": 4
        }
      },
      "query_metrics": {
        "unparsable_sparql_queries": 0,
        "unavailable_sparql_queries": 0
      },
      "state_metrics": {
        "success": 3,
        "fail": 4,
        "init": 0,
        "error_api": 0,
        "unknown": 0,
        "success_rate": 0.42857142857142855,
        "failure_rate": 0.5714285714285714
      },
      "resource_metrics": {
        "avg_tokens_in": 46264.142857142855,
        "avg_tokens_out": 809.0,
        "avg_elapsed_time": 78996.0,
        "avg_iteration": 5.571428571428571,
        "count": 7
      }
    },
    "keyfigure": {
      "dataset_metrics": {
        "total_queries": 15,
        "evaluated_queries": 15,
        "success_count": 3,
        "failure_count": 12
      },
      "performance_metrics": {
        "em": 0.0,
        "f1": 0.02880658436213992,
        "recall": 0.06666666666666667,
        "precision": 0.01837270341207349,
        "success_only": {
          "em": 0.0,
          "f1": 0.0,
          "recall": 0.0,
          "precision": 0.0,
          "count": 3
        },
        "failure_only": {
          "em": 0.0,
          "f1": 0.0360082304526749,
          "recall": 0.08333333333333333,
          "precision": 0.022965879265091863,
          "count": 12
        }
      },
      "query_metrics": {
        "unparsable_sparql_queries": 0,
        "unavailable_sparql_queries": 0
      },
      "state_metrics": {
        "success": 3,
        "fail": 12,
        "init": 0,
        "error_api": 0,
        "unknown": 0,
        "success_rate": 0.2,
        "failure_rate": 0.8
      },
      "resource_metrics": {
        "avg_tokens_in": 40327.8,
        "avg_tokens_out": 884.6666666666666,
        "avg_elapsed_time": 83797.53333333334,
        "avg_iteration": 6.0,
        "count": 15
      }
    },
    "three triple patterns": {
      "dataset_metrics": {
        "total_queries": 23,
        "evaluated_queries": 23,
        "success_count": 3,
        "failure_count": 20
      },
      "performance_metrics": {
        "em": 0.043478260869565216,
        "f1": 0.0777931140249981,
        "recall": 0.09640831758034027,
        "precision": 0.09893871961656966,
        "success_only": {
          "em": 0.0,
          "f1": 0.11904761904761903,
          "recall": 0.07246376811594203,
          "precision": 0.3333333333333333,
          "count": 3
        },
        "failure_only": {
          "em": 0.05,
          "f1": 0.07160493827160494,
          "recall": 0.1,
          "precision": 0.06377952755905511,
          "count": 20
        }
      },
      "query_metrics": {
        "unparsable_sparql_queries": 0,
        "unavailable_sparql_queries": 0
      },
      "state_metrics": {
        "success": 3,
        "fail": 20,
        "init": 0,
        "error_api": 0,
        "unknown": 0,
        "success_rate": 0.13043478260869565,
        "failure_rate": 0.8695652173913043
      },
      "resource_metrics": {
        "avg_tokens_in": 44867.260869565216,
        "avg_tokens_out": 1025.608695652174,
        "avg_elapsed_time": 103180.04347826086,
        "avg_iteration": 6.521739130434782,
        "count": 23
      }
    },
    "geo": {
      "dataset_metrics": {
        "total_queries": 14,
        "evaluated_queries": 14,
        "success_count": 6,
        "failure_count": 8
      },
      "performance_metrics": {
        "em": 0.21428571428571427,
        "f1": 0.24073576799140708,
        "recall": 0.30124223602484473,
        "precision": 0.28618732261116364,
        "success_only": {
          "em": 0.3333333333333333,
          "f1": 0.39285714285714285,
          "recall": 0.3695652173913044,
          "precision": 0.5,
          "count": 6
        },
        "failure_only": {
          "em": 0.125,
          "f1": 0.12664473684210525,
          "recall": 0.25,
          "precision": 0.12582781456953643,
          "count": 8
        }
      },
      "query_metrics": {
        "unparsable_sparql_queries": 0,
        "unavailable_sparql_queries": 0
      },
      "state_metrics": {
        "success": 6,
        "fail": 8,
        "init": 0,
        "error_api": 0,
        "unknown": 0,
        "success_rate": 0.42857142857142855,
        "failure_rate": 0.5714285714285714
      },