{
  "metadata": {
    "commit_id": "fa87822d9e4dc7607312373ccc8fbd8675364b05",
    "git_label": "v0.2.8-93-gfa87822d",
    "model": "llama-3.3-70b-instruct",
    "knowledge_graph_files": "..\\knowledge-graph\\velektronik-graph-clean\\abox-en.ttl.gz ..\\knowledge-graph\\velektronik-graph-clean\\tbox.ttl"
  },
  "dataset_metrics": {
    "dataset_size": 58,
    "evaluation_size": 58,
    "success_count": 28,
    "failure_count": 30
  },
  "performance_metrics": {
    "success": {
      "em": 0.20689655172413793,
      "f1": 0.25935276687319536,
      "recall": 0.3034197187120725,
      "precision": 0.27228585275021705
    },
    "overall": {
      "em": 0.20689655172413793,
      "f1": 0.25935276687319536,
      "recall": 0.3034197187120725,
      "precision": 0.27228585275021705
    },
    "success_only": {
      "em": 0.39285714285714285,
      "f1": 0.4856144220884426,
      "recall": 0.5213694173321503,
      "precision": 0.5182273711348283
    },
    "failure_only": {
      "em": 0.03333333333333333,
      "f1": 0.04817522200563137,
      "recall": 0.1,
      "precision": 0.042740435591246455
    }
  },
  "query_metrics": {
    "unparsable_sparql_queries": 0,
    "unavailable_sparql_queries": 0
  },
  "state_metrics": {
    "success": 28,
    "fail": 30,
    "init": 0,
    "error_api": 0,
    "unknown": 0,
    "success_rate": 0.4827586206896552,
    "failure_rate": 0.5172413793103449
  },
  "resource_metrics": {
    "avg_tokens_in": 39976.3275862069,
    "avg_tokens_out": 837.2413793103449,
    "avg_elapsed_time": 83439.8275862069,
    "avg_iteration": 5.775862068965517
  }
}