{
  "metadata": {
    "commit_id": "5e507554e7591bf3e1500b8f32ab0205253aa1ca",
    "git_label": "v0.2.8-91-g5e507554",
    "model": "llama-3.3-70b-instruct",
    "knowledge_graph_files": "..\\knowledge-graph\\velektronik-graph-clean\\abox-en.ttl.gz ..\\knowledge-graph\\velektronik-graph-clean\\tbox.ttl"
  },
  "subjects": {
    "two triple patterns": {
      "dataset_metrics": {
        "total_queries": 14,
        "evaluated_queries": 14,
        "success_count": 9,
        "failure_count": 5
      },
      "performance_metrics": {
        "em": 0.2857142857142857,
        "f1": 0.38095238095238093,
        "recall": 0.39285714285714285,
        "precision": 0.39285714285714285,
        "success_only": {
          "em": 0.4444444444444444,
          "f1": 0.5925925925925926,
          "recall": 0.6111111111111112,
          "precision": 0.6111111111111112,
          "count": 9
        },
        "failure_only": {
          "em": 0.0,
          "f1": 0.0,
          "recall": 0.0,
          "precision": 0.0,
          "count": 5
        }
      },
      "query_metrics": {
        "unparsable_sparql_queries": 0,
        "unavailable_sparql_queries": 0
      },
      "state_metrics": {
        "success": 9,
        "fail": 5,
        "init": 0,
        "error_api": 0,
        "unknown": 0,
        "success_rate": 0.6428571428571429,
        "failure_rate": 0.35714285714285715
      },
      "resource_metrics": {
        "avg_tokens_in": 36596.642857142855,
        "avg_tokens_out": 866.5714285714286,
        "avg_elapsed_time": 98658.5,
        "avg_iteration": 6.0,
        "count": 14
      }
    },
    "one triple pattern": {
      "dataset_metrics": {
        "total_queries": 14,
        "evaluated_queries": 14,
        "success_count": 13,
        "failure_count": 1
      },
      "performance_metrics": {
        "em": 0.6428571428571429,
        "f1": 0.6640229125358008,
        "recall": 0.7857142857142857,
        "precision": 0.6551528016520345,
        "success_only": {
          "em": 0.6923076923076923,
          "f1": 0.7151015981154778,
          "recall": 0.8461538461538461,
          "precision": 0.7055491710098832,
          "count": 13
        },
        "failure_only": {
          "em": 0.0,
          "f1": 0.0,
          "recall": 0.0,
          "precision": 0.0,
          "count": 1
        }
      },
      "query_metrics": {
        "unparsable_sparql_queries": 0,
        "unavailable_sparql_queries": 0
      },
      "state_metrics": {
        "success": 13,
        "fail": 1,
        "init": 0,
        "error_api": 0,
        "unknown": 0,
        "success_rate": 0.9285714285714286,
        "failure_rate": 0.07142857142857142
      },
      "resource_metrics": {
        "avg_tokens_in": 26123.85714285714,
        "avg_tokens_out": 575.5,
        "avg_elapsed_time": 57959.78571428572,
        "avg_iteration": 4.571428571428571,
        "count": 14
      }
    },
    "four triple patterns": {
      "dataset_metrics": {
        "total_queries": 7,
        "evaluated_queries": 7,
        "success_count": 3,
        "failure_count": 4
      },
      "performance_metrics": {
        "em": 0.0,
        "f1": 0.007644787644787644,
        "recall": 0.2857142857142857,
        "precision": 0.003887269193391642,
        "success_only": {
          "em": 0.0,
          "f1": 0.017837837837837836,
          "recall": 0.6666666666666666,
          "precision": 0.009070294784580499,
          "count": 3
        },
        "failure_only": {
          "em": 0.0,
          "f1": 0.0,
          "recall": 0.0,
          "precision": 0.0,
          "count": 4
        }
      },
      "query_metrics": {
        "unparsable_sparql_queries": 0,
        "unavailable_sparql_queries": 0
      },
      "state_metrics": {
        "success": 3,
        "fail": 4,
        "init": 0,
        "error_api": 0,
        "unknown": 0,
        "success_rate": 0.42857142857142855,
        "failure_rate": 0.5714285714285714
      },
      "resource_metrics": {
        "avg_tokens_in": 44090.857142857145,
        "avg_tokens_out": 796.2857142857143,
        "avg_elapsed_time": 83622.42857142857,
        "avg_iteration": 5.857142857142857,
        "count": 7
      }
    },
    "keyfigure": {
      "dataset_metrics": {
        "total_queries": 15,
        "evaluated_queries": 15,
        "success_count": 4,
        "failure_count": 11
      },
      "performance_metrics": {
        "em": 0.06666666666666667,
        "f1": 0.06666666666666667,
        "recall": 0.06666666666666667,
        "precision": 0.06666666666666667,
        "success_only": {
          "em": 0.25,
          "f1": 0.25,
          "recall": 0.25,
          "precision": 0.25,
          "count": 4
        },
        "failure_only": {
          "em": 0.0,
          "f1": 0.0,
          "recall": 0.0,
          "precision": 0.0,
          "count": 11
        }
      },
      "query_metrics": {
        "unparsable_sparql_queries": 0,
        "unavailable_sparql_queries": 0
      },
      "state_metrics": {
        "success": 4,
        "fail": 11,
        "init": 0,
        "error_api": 0,
        "unknown": 0,
        "success_rate": 0.26666666666666666,
        "failure_rate": 0.7333333333333333
      },
      "resource_metrics": {
        "avg_tokens_in": 42428.933333333334,
        "avg_tokens_out": 939.7333333333333,
        "avg_elapsed_time": 89601.66666666667,
        "avg_iteration": 6.333333333333333,
        "count": 15
      }
    },
    "three triple patterns": {
      "dataset_metrics": {
        "total_queries": 23,
        "evaluated_queries": 23,
        "success_count": 8,
        "failure_count": 14
      },
      "performance_metrics": {
        "em": 0.08695652173913043,
        "f1": 0.11670480549199085,
        "recall": 0.17391304347826086,
        "precision": 0.10556486462651027,
        "success_only": {
          "em": 0.25,
          "f1": 0.3355263157894737,
          "recall": 0.5,
          "precision": 0.30349898580121704,
          "count": 8
        },
        "failure_only": {
          "em": 0.0,
          "f1": 0.0,
          "recall": 0.0,
          "precision": 0.0,
          "count": 14
        }
      },
      "query_metrics": {
        "unparsable_sparql_queries": 1,
        "unavailable_sparql_queries": 0
      },
      "state_metrics": {
        "success": 8,
        "fail": 15,
        "init": 0,
        "error_api": 0,
        "unknown": 0,
        "success_rate": 0.34782608695652173,
        "failure_rate": 0.6521739130434783
      },
      "resource_metrics": {
        "avg_tokens_in": 52426.5,
        "avg_tokens_out": 1081.1363636363637,
        "avg_elapsed_time": 103019.27272727272,
        "avg_iteration": 6.5,
        "count": 22
      }
    },
    "geo": {
      "dataset_metrics": {
        "total_queries": 14,
        "evaluated_queries": 14,
        "success_count": 8,
        "failure_count": 6
      },
      "performance_metrics": {
        "em": 0.14285714285714285,
        "f1": 0.2531328320802005,
        "recall": 0.32142857142857145,
        "precision": 0.25840336134453784,
        "success_only": {
          "em": 0.25,
          "f1": 0.4429824561403508,
          "recall": 0.5625,
          "precision": 0.4522058823529412,
          "count": 8
        },
        "failure_only": {
          "em": 0.0,
          "f1": 0.0,
          "recall": 0.0,
          "precision": 0.0,
          "count": 6
        }
      },
      "query_metrics": {
        "unparsable_sparql_queries": 0,
        "unavailable_sparql_queries": 0
      },
      "state_metrics": {
        "success": 8,
        "fail": 6,
        "init": 0,
        "error_api": 0,
        "unknown": 0,
        "success_rate": 0.5714285714285714,
        "failure_rate": 0.42857142857142855
      },
      "resource_metrics": {
        "avg_tokens_in": 40449.42857142857,
        "avg_tokens_out": 1001.3571428571429,
        "avg_elapsed_time": 110125.42857142857,