{
  "metadata": {
    "commit_id": "05f9f33880e9523b7eb3f19ed97e6b71bef1547a",
    "git_label": "v0.2.8-77-g05f9f338",
    "model": "llama-3.3-70b-instruct",
    "knowledge_graph_files": "..\\knowledge-graph\\velektronik-graph-clean\\abox-en.ttl.gz ..\\knowledge-graph\\velektronik-graph-clean\\tbox.ttl"
  },
  "dataset_metrics": {
    "dataset_size": 58,
    "evaluation_size": 56,
    "success_count": 21,
    "failure_count": 34
  },
  "performance_metrics": {
    "success": {
      "em": 0.125,
      "f1": 0.16352515176723312,
      "recall": 0.2835884353741497,
      "precision": 0.15221984868869615
    },
    "overall": {
      "em": 0.1206896551724138,
      "f1": 0.15788635343043197,
      "recall": 0.27380952380952384,
      "precision": 0.14697088838908595
    },
    "success_only": {
      "em": 0.3333333333333333,
      "f1": 0.43575481532932736,
      "recall": 0.7086167800453514,
      "precision": 0.40576295489917974
    },
    "failure_only": {
      "em": 0.0,
      "f1": 0.00019286403085824492,
      "recall": 0.029411764705882353,
      "precision": 9.674922600619194e-05
    }
  },
  "query_metrics": {
    "unparsable_sparql_queries": 0,
    "unavailable_sparql_queries": 2
  },
  "state_metrics": {
    "success": 23,
    "fail": 34,
    "init": 0,
    "error_api": 0,
    "unknown": 1,
    "success_rate": 0.39655172413793105,
    "failure_rate": 0.5862068965517241
  },
  "resource_metrics": {
    "avg_tokens_in": 15773.035714285714,
    "avg_tokens_out": 778.7321428571429,
    "avg_elapsed_time": 79269.21428571429,
    "avg_iteration": 5.535714285714286
  }
}