{
  "metadata": {
    "commit_id": "5e507554e7591bf3e1500b8f32ab0205253aa1ca",
    "git_label": "v0.2.8-91-g5e507554",
    "model": "llama-3.3-70b-instruct",
    "knowledge_graph_files": "..\\knowledge-graph\\velektronik-graph-clean\\abox-en.ttl.gz ..\\knowledge-graph\\velektronik-graph-clean\\tbox.ttl"
  },
  "subjects": {
    "two triple patterns": {
      "dataset_metrics": {
        "total_queries": 14,
        "evaluated_queries": 14,
        "success_count": 8,
        "failure_count": 6
      },
      "performance_metrics": {
        "em": 0.2857142857142857,
        "f1": 0.37461804393888704,
        "recall": 0.5,
        "precision": 0.3502349624060151,
        "success_only": {
          "em": 0.5,
          "f1": 0.6547619047619048,
          "recall": 0.75,
          "precision": 0.6125,
          "count": 8
        },
        "failure_only": {
          "em": 0.0,
          "f1": 0.0010928961748633878,
          "recall": 0.16666666666666666,
          "precision": 0.0005482456140350877,
          "count": 6
        }
      },
      "query_metrics": {
        "unparsable_sparql_queries": 0,
        "unavailable_sparql_queries": 0
      },
      "state_metrics": {
        "success": 8,
        "fail": 6,
        "init": 0,
        "error_api": 0,
        "unknown": 0,
        "success_rate": 0.5714285714285714,
        "failure_rate": 0.42857142857142855
      },
      "resource_metrics": {
        "avg_tokens_in": 16733.071428571428,
        "avg_tokens_out": 842.2142857142857,
        "avg_elapsed_time": 52849.142857142855,
        "avg_iteration": 6.142857142857143,
        "count": 14
      }
    },
    "one triple pattern": {
      "dataset_metrics": {
        "total_queries": 14,
        "evaluated_queries": 14,
        "success_count": 13,
        "failure_count": 1
      },
      "performance_metrics": {
        "em": 0.5,
        "f1": 0.5471104736920497,
        "recall": 0.65,
        "precision": 0.5935960591133005,
        "success_only": {
          "em": 0.5384615384615384,
          "f1": 0.5891958947452843,
          "recall": 0.7,
          "precision": 0.6392572944297081,
          "count": 13
        },
        "failure_only": {
          "em": 0.0,
          "f1": 0.0,
          "recall": 0.0,
          "precision": 0.0,
          "count": 1
        }
      },
      "query_metrics": {
        "unparsable_sparql_queries": 0,
        "unavailable_sparql_queries": 0
      },
      "state_metrics": {
        "success": 13,
        "fail": 1,
        "init": 0,
        "error_api": 0,
        "unknown": 0,
        "success_rate": 0.9285714285714286,
        "failure_rate": 0.07142857142857142
      },
      "resource_metrics": {
        "avg_tokens_in": 12987.92857142857,
        "avg_tokens_out": 672.7857142857143,
        "avg_elapsed_time": 42760.78571428572,
        "avg_iteration": 5.214285714285714,
        "count": 14
      }
    },
    "four triple patterns": {
      "dataset_metrics": {
        "total_queries": 7,
        "evaluated_queries": 7,
        "success_count": 2,
        "failure_count": 5
      },
      "performance_metrics": {
        "em": 0.0,
        "f1": 0.0,
        "recall": 0.0,
        "precision": 0.0,
        "success_only": {
          "em": 0.0,
          "f1": 0.0,
          "recall": 0.0,
          "precision": 0.0,
          "count": 2
        },
        "failure_only": {
          "em": 0.0,
          "f1": 0.0,
          "recall": 0.0,
          "precision": 0.0,
          "count": 5
        }
      },
      "query_metrics": {
        "unparsable_sparql_queries": 0,
        "unavailable_sparql_queries": 0
      },
      "state_metrics": {
        "success": 2,
        "fail": 5,
        "init": 0,
        "error_api": 0,
        "unknown": 0,
        "success_rate": 0.2857142857142857,
        "failure_rate": 0.7142857142857143
      },
      "resource_metrics": {
        "avg_tokens_in": 20897.14285714286,
        "avg_tokens_out": 895.5714285714286,
        "avg_elapsed_time": 54505.71428571428,
        "avg_iteration": 6.285714285714286,
        "count": 7
      }
    },
    "keyfigure": {
      "dataset_metrics": {
        "total_queries": 15,
        "evaluated_queries": 15,
        "success_count": 3,
        "failure_count": 12
      },
      "performance_metrics": {
        "em": 0.13333333333333333,
        "f1": 0.13333333333333333,
        "recall": 0.13333333333333333,
        "precision": 0.13333333333333333,
        "success_only": {
          "em": 0.6666666666666666,
          "f1": 0.6666666666666666,
          "recall": 0.6666666666666666,
          "precision": 0.6666666666666666,
          "count": 3
        },
        "failure_only": {
          "em": 0.0,
          "f1": 0.0,
          "recall": 0.0,
          "precision": 0.0,
          "count": 12
        }
      },
      "query_metrics": {
        "unparsable_sparql_queries": 0,
        "unavailable_sparql_queries": 0
      },
      "state_metrics": {
        "success": 3,
        "fail": 12,
        "init": 0,
        "error_api": 0,
        "unknown": 0,
        "success_rate": 0.2,
        "failure_rate": 0.8
      },
      "resource_metrics": {
        "avg_tokens_in": 16562.6,
        "avg_tokens_out": 803.8,
        "avg_elapsed_time": 49051.0,
        "avg_iteration": 5.866666666666666,
        "count": 15
      }
    },
    "three triple patterns": {
      "dataset_metrics": {
        "total_queries": 23,
        "evaluated_queries": 23,
        "success_count": 5,
        "failure_count": 17
      },
      "performance_metrics": {
        "em": 0.08695652173913043,
        "f1": 0.09565217391304348,
        "recall": 0.09178743961352658,
        "precision": 0.13043478260869565,
        "success_only": {
          "em": 0.4,
          "f1": 0.44000000000000006,
          "recall": 0.4222222222222222,
          "precision": 0.6,
          "count": 5
        },
        "failure_only": {
          "em": 0.0,
          "f1": 0.0,
          "recall": 0.0,
          "precision": 0.0,
          "count": 17
        }
      },
      "query_metrics": {
        "unparsable_sparql_queries": 1,
        "unavailable_sparql_queries": 0
      },
      "state_metrics": {
        "success": 5,
        "fail": 18,
        "init": 0,
        "error_api": 0,
        "unknown": 0,
        "success_rate": 0.21739130434782608,
        "failure_rate": 0.782608695652174
      },
      "resource_metrics": {
        "avg_tokens_in": 16006.181818181818,
        "avg_tokens_out": 839.2727272727273,
        "avg_elapsed_time": 53634.77272727273,
        "avg_iteration": 5.5,
        "count": 22
      }
    },
    "geo": {
      "dataset_metrics": {
        "total_queries": 14,
        "evaluated_queries": 14,
        "success_count": 7,
        "failure_count": 7
      },
      "performance_metrics": {
        "em": 0.07142857142857142,
        "f1": 0.11951600312256049,
        "recall": 0.21428571428571427,
        "precision": 0.10737781954887218,
        "success_only": {
          "em": 0.14285714285714285,
          "f1": 0.23809523809523808,
          "recall": 0.2857142857142857,
          "precision": 0.21428571428571427,
          "count": 7
        },
        "failure_only": {
          "em": 0.0,
          "f1": 0.0009367681498829039,
          "recall": 0.14285714285714285,
          "precision": 0.00046992481203007516,
          "count": 7
        }
      },
      "query_metrics": {
        "unparsable_sparql_queries": 0,
        "unavailable_sparql_queries": 0
      },
      "state_metrics": {
        "success": 7,
        "fail": 7,
        "init": 0,
        "error_api": 0,
        "unknown": 0,
        "success_rate": 0.5,
        "failure_rate": 0.5
      },
      "resource_metrics": {
        "avg_tokens_in": 19253.428571428572,
        "avg_tokens_out": 973.6428571428571,
        "avg_elapsed_time": 61164.71428571428,
        "avg_iteration": 6.5,
        "count": 14
      }
    },