{
  "metadata": {
    "commit_id": "df5e4a10170efede1e56c09a029ca4d906e5856a",
    "git_label": "v0.2.8-84-gdf5e4a10",
    "model": "llama-3.3-70b-instruct",
    "knowledge_graph_files": "..\\knowledge-graph\\velektronik-graph-clean\\abox-en.ttl.gz ..\\knowledge-graph\\velektronik-graph-clean\\tbox.ttl"
  },
  "dataset_metrics": {
    "dataset_size": 58,
    "evaluation_size": 56,
    "success_count": 33,
    "failure_count": 21
  },
  "performance_metrics": {
    "success": {
      "em": 0.21428571428571427,
      "f1": 0.28980335581475697,
      "recall": 0.3714285714285714,
      "precision": 0.27766543711902
    },
    "overall": {
      "em": 0.20689655172413793,
      "f1": 0.2798101366487309,
      "recall": 0.35862068965517235,
      "precision": 0.26809076687353656
    },
    "success_only": {
      "em": 0.36363636363636365,
      "f1": 0.49178751289776945,
      "recall": 0.6303030303030303,
      "precision": 0.4711898326868218
    },
    "failure_only": {
      "em": 0.0,
      "f1": 0.0,
      "recall": 0.0,
      "precision": 0.0
    }
  },
  "query_metrics": {
    "unparsable_sparql_queries": 0,
    "unavailable_sparql_queries": 2
  },
  "state_metrics": {
    "success": 34,
    "fail": 22,
    "init": 0,
    "error_api": 0,
    "unknown": 2,
    "success_rate": 0.5862068965517241,
    "failure_rate": 0.3793103448275862
  },
  "resource_metrics": {
    "avg_tokens_in": 33809.67857142857,
    "avg_tokens_out": 845.6428571428571,
    "avg_elapsed_time": 56093.767857142855,
    "avg_iteration": 5.660714285714286
  }
}