{
  "metadata": {
    "commit_id": "df5e4a10170efede1e56c09a029ca4d906e5856a",
    "git_label": "v0.2.8-84-gdf5e4a10",
    "model": "llama-3.3-70b-instruct",
    "knowledge_graph_files": "..\\knowledge-graph\\velektronik-graph-clean\\abox-en.ttl.gz ..\\knowledge-graph\\velektronik-graph-clean\\tbox.ttl"
  },
  "subjects": {
    "two triple patterns": {
      "dataset_metrics": {
        "total_queries": 14,
        "evaluated_queries": 14,
        "success_count": 12,
        "failure_count": 2
      },
      "performance_metrics": {
        "em": 0.5,
        "f1": 0.5884353741496599,
        "recall": 0.6428571428571429,
        "precision": 0.5642857142857143,
        "success_only": {
          "em": 0.5833333333333334,
          "f1": 0.6865079365079364,
          "recall": 0.75,
          "precision": 0.6583333333333333,
          "count": 12
        },
        "failure_only": {
          "em": 0.0,
          "f1": 0.0,
          "recall": 0.0,
          "precision": 0.0,
          "count": 2
        }
      },
      "query_metrics": {
        "unparsable_sparql_queries": 0,
        "unavailable_sparql_queries": 0
      },
      "state_metrics": {
        "success": 12,
        "fail": 2,
        "init": 0,
        "error_api": 0,
        "unknown": 0,
        "success_rate": 0.8571428571428571,
        "failure_rate": 0.14285714285714285
      },
      "resource_metrics": {
        "avg_tokens_in": 24729.714285714286,
        "avg_tokens_out": 701.6428571428571,
        "avg_elapsed_time": 48388.142857142855,
        "avg_iteration": 5.357142857142857,
        "count": 14
      }
    },
    "one triple pattern": {
      "dataset_metrics": {
        "total_queries": 14,
        "evaluated_queries": 14,
        "success_count": 9,
        "failure_count": 3
      },
      "performance_metrics": {
        "em": 0.35714285714285715,
        "f1": 0.41107362198834757,
        "recall": 0.5,
        "precision": 0.3909381548132626,
        "success_only": {
          "em": 0.5555555555555556,
          "f1": 0.6394478564263184,
          "recall": 0.7777777777777778,
          "precision": 0.6081260185984085,
          "count": 9
        },
        "failure_only": {
          "em": 0.0,
          "f1": 0.0,
          "recall": 0.0,
          "precision": 0.0,
          "count": 3
        }
      },
      "query_metrics": {
        "unparsable_sparql_queries": 0,
        "unavailable_sparql_queries": 2
      },
      "state_metrics": {
        "success": 10,
        "fail": 4,
        "init": 0,
        "error_api": 0,
        "unknown": 0,
        "success_rate": 0.7142857142857143,
        "failure_rate": 0.2857142857142857
      },
      "resource_metrics": {
        "avg_tokens_in": 27575.5,
        "avg_tokens_out": 640.75,
        "avg_elapsed_time": 41001.666666666664,
        "avg_iteration": 4.916666666666667,
        "count": 12
      }
    },
    "four triple patterns": {
      "dataset_metrics": {
        "total_queries": 7,
        "evaluated_queries": 7,
        "success_count": 2,
        "failure_count": 5
      },
      "performance_metrics": {
        "em": 0.0,
        "f1": 0.0,
        "recall": 0.0,
        "precision": 0.0,
        "success_only": {
          "em": 0.0,
          "f1": 0.0,
          "recall": 0.0,
          "precision": 0.0,
          "count": 2
        },
        "failure_only": {
          "em": 0.0,
          "f1": 0.0,
          "recall": 0.0,
          "precision": 0.0,
          "count": 5
        }
      },
      "query_metrics": {
        "unparsable_sparql_queries": 0,
        "unavailable_sparql_queries": 0
      },
      "state_metrics": {
        "success": 2,
        "fail": 5,
        "init": 0,
        "error_api": 0,
        "unknown": 0,
        "success_rate": 0.2857142857142857,
        "failure_rate": 0.7142857142857143
      },
      "resource_metrics": {
        "avg_tokens_in": 37108.57142857143,
        "avg_tokens_out": 873.8571428571429,
        "avg_elapsed_time": 59323.857142857145,
        "avg_iteration": 5.857142857142857,
        "count": 7
      }
    },
    "keyfigure": {
      "dataset_metrics": {
        "total_queries": 15,
        "evaluated_queries": 15,
        "success_count": 5,
        "failure_count": 8
      },
      "performance_metrics": {
        "em": 0.0,
        "f1": 0.0,
        "recall": 0.0,
        "precision": 0.0,
        "success_only": {
          "em": 0.0,
          "f1": 0.0,
          "recall": 0.0,
          "precision": 0.0,
          "count": 5
        },
        "failure_only": {
          "em": 0.0,
          "f1": 0.0,
          "recall": 0.0,
          "precision": 0.0,
          "count": 8
        }
      },
      "query_metrics": {
        "unparsable_sparql_queries": 0,
        "unavailable_sparql_queries": 0
      },
      "state_metrics": {
        "success": 5,
        "fail": 8,
        "init": 0,
        "error_api": 0,
        "unknown": 2,
        "success_rate": 0.3333333333333333,
        "failure_rate": 0.5333333333333333
      },
      "resource_metrics": {
        "avg_tokens_in": 34491.73333333333,
        "avg_tokens_out": 882.6666666666666,
        "avg_elapsed_time": 57208.53333333333,
        "avg_iteration": 6.2,
        "count": 15
      }
    },
    "three triple patterns": {
      "dataset_metrics": {
        "total_queries": 23,
        "evaluated_queries": 23,
        "success_count": 10,
        "failure_count": 11
      },
      "performance_metrics": {
        "em": 0.0,
        "f1": 0.09721139042149081,
        "recall": 0.2086956521739131,
        "precision": 0.09461436135997571,
        "success_only": {
          "em": 0.0,
          "f1": 0.22358619796942886,
          "recall": 0.4800000000000001,
          "precision": 0.21761303112794414,
          "count": 10
        },
        "failure_only": {
          "em": 0.0,
          "f1": 0.0,
          "recall": 0.0,
          "precision": 0.0,
          "count": 11
        }
      },
      "query_metrics": {
        "unparsable_sparql_queries": 0,
        "unavailable_sparql_queries": 0
      },
      "state_metrics": {
        "success": 10,
        "fail": 11,
        "init": 0,
        "error_api": 0,
        "unknown": 2,
        "success_rate": 0.43478260869565216,
        "failure_rate": 0.4782608695652174
      },
      "resource_metrics": {
        "avg_tokens_in": 41585.217391304344,
        "avg_tokens_out": 1031.608695652174,
        "avg_elapsed_time": 67675.21739130435,
        "avg_iteration": 6.173913043478261,
        "count": 23
      }
    },
    "geo": {
      "dataset_metrics": {
        "total_queries": 14,
        "evaluated_queries": 14,
        "success_count": 8,
        "failure_count": 6
      },
      "performance_metrics": {
        "em": 0.14285714285714285,
        "f1": 0.29691876750700275,
        "recall": 0.33571428571428574,
        "precision": 0.2857142857142857,
        "success_only": {
          "em": 0.25,
          "f1": 0.5196078431372548,
          "recall": 0.5875,
          "precision": 0.5,
          "count": 8
        },
        "failure_only": {
          "em": 0.0,
          "f1": 0.0,
          "recall": 0.0,
          "precision": 0.0,
          "count": 6
        }
      },
      "query_metrics": {
        "unparsable_sparql_queries": 0,
        "unavailable_sparql_queries": 0
      },
      "state_metrics": {
        "success": 8,
        "fail": 6,
        "init": 0,
        "error_api": 0,
        "unknown": 0,
        "success_rate": 0.5714285714285714,
        "failure_rate": 0.42857142857142855
      },
      "resource_metrics": {
        "avg_tokens_in": 30079.5,
        "avg_tokens_out": 858.7142857142857,
        "avg_elapsed_time": 56181.857142857145,
        "avg_iteration": 5.857142857142857,
        "count": 14
      }
    },
    "supply": {
      "dataset_metrics": {
        "total_queries": 11,
        "evaluated_queries": 11,
        "success_count": 8,