{
  "metadata": {
    "commit_id": "5e507554e7591bf3e1500b8f32ab0205253aa1ca",
    "git_label": "v0.2.8-91-g5e507554",
    "model": "llama-3.3-70b-instruct",
    "knowledge_graph_files": "..\\knowledge-graph\\velektronik-graph-clean\\abox-en.ttl.gz ..\\knowledge-graph\\velektronik-graph-clean\\tbox.ttl"
  },
  "subjects": {
    "two triple patterns": {
      "dataset_metrics": {
        "total_queries": 14,
        "evaluated_queries": 14,
        "success_count": 8,
        "failure_count": 6
      },
      "performance_metrics": {
        "em": 0.2857142857142857,
        "f1": 0.3833662497256967,
        "recall": 0.4015151515151515,
        "precision": 0.3955665024630542,
        "success_only": {
          "em": 0.5,
          "f1": 0.6547619047619048,
          "recall": 0.6875,
          "precision": 0.675,
          "count": 8
        },
        "failure_only": {
          "em": 0.0,
          "f1": 0.021505376344086027,
          "recall": 0.020202020202020204,
          "precision": 0.022988505747126436,
          "count": 6
        }
      },
      "query_metrics": {
        "unparsable_sparql_queries": 0,
        "unavailable_sparql_queries": 0
      },
      "state_metrics": {
        "success": 8,
        "fail": 6,
        "init": 0,
        "error_api": 0,
        "unknown": 0,
        "success_rate": 0.5714285714285714,
        "failure_rate": 0.42857142857142855
      },
      "resource_metrics": {
        "avg_tokens_in": 18630.214285714286,
        "avg_tokens_out": 926.7142857142857,
        "avg_elapsed_time": 58306.0,
        "avg_iteration": 6.428571428571429,
        "count": 14
      }
    },
    "one triple pattern": {
      "dataset_metrics": {
        "total_queries": 14,
        "evaluated_queries": 14,
        "success_count": 11,
        "failure_count": 3
      },
      "performance_metrics": {
        "em": 0.21428571428571427,
        "f1": 0.4169696337703458,
        "recall": 0.5703747072599531,
        "precision": 0.4561892036736582,
        "success_only": {
          "em": 0.2727272727272727,
          "f1": 0.5306886247986219,
          "recall": 0.7259314456035767,
          "precision": 0.5806044410392013,
          "count": 11
        },
        "failure_only": {
          "em": 0.0,
          "f1": 0.0,
          "recall": 0.0,
          "precision": 0.0,
          "count": 3
        }
      },
      "query_metrics": {
        "unparsable_sparql_queries": 0,
        "unavailable_sparql_queries": 0
      },
      "state_metrics": {
        "success": 11,
        "fail": 3,
        "init": 0,
        "error_api": 0,
        "unknown": 0,
        "success_rate": 0.7857142857142857,
        "failure_rate": 0.21428571428571427
      },
      "resource_metrics": {
        "avg_tokens_in": 12735.92857142857,
        "avg_tokens_out": 670.2857142857143,
        "avg_elapsed_time": 39659.5,
        "avg_iteration": 5.142857142857143,
        "count": 14
      }
    },
    "four triple patterns": {
      "dataset_metrics": {
        "total_queries": 7,
        "evaluated_queries": 7,
        "success_count": 2,
        "failure_count": 5
      },
      "performance_metrics": {
        "em": 0.0,
        "f1": 0.051948051948051945,
        "recall": 0.05714285714285715,
        "precision": 0.047619047619047616,
        "success_only": {
          "em": 0.0,
          "f1": 0.1818181818181818,
          "recall": 0.2,
          "precision": 0.16666666666666666,
          "count": 2
        },
        "failure_only": {
          "em": 0.0,
          "f1": 0.0,
          "recall": 0.0,
          "precision": 0.0,
          "count": 5
        }
      },
      "query_metrics": {
        "unparsable_sparql_queries": 0,
        "unavailable_sparql_queries": 0
      },
      "state_metrics": {
        "success": 2,
        "fail": 5,
        "init": 0,
        "error_api": 0,
        "unknown": 0,
        "success_rate": 0.2857142857142857,
        "failure_rate": 0.7142857142857143
      },
      "resource_metrics": {
        "avg_tokens_in": 12909.142857142857,
        "avg_tokens_out": 742.5714285714286,
        "avg_elapsed_time": 45870.142857142855,
        "avg_iteration": 4.857142857142857,
        "count": 7
      }
    },
    "keyfigure": {
      "dataset_metrics": {
        "total_queries": 15,
        "evaluated_queries": 15,
        "success_count": 1,
        "failure_count": 14
      },
      "performance_metrics": {
        "em": 0.0,
        "f1": 0.0,
        "recall": 0.0,
        "precision": 0.0,
        "success_only": {
          "em": 0.0,
          "f1": 0.0,
          "recall": 0.0,
          "precision": 0.0,
          "count": 1
        },
        "failure_only": {
          "em": 0.0,
          "f1": 0.0,
          "recall": 0.0,
          "precision": 0.0,
          "count": 14
        }
      },
      "query_metrics": {
        "unparsable_sparql_queries": 0,
        "unavailable_sparql_queries": 0
      },
      "state_metrics": {
        "success": 1,
        "fail": 14,
        "init": 0,
        "error_api": 0,
        "unknown": 0,
        "success_rate": 0.06666666666666667,
        "failure_rate": 0.9333333333333333
      },
      "resource_metrics": {
        "avg_tokens_in": 14373.266666666666,
        "avg_tokens_out": 769.0666666666667,
        "avg_elapsed_time": 47299.933333333334,
        "avg_iteration": 5.466666666666667,
        "count": 15
      }
    },
    "three triple patterns": {
      "dataset_metrics": {
        "total_queries": 23,
        "evaluated_queries": 23,
        "success_count": 3,
        "failure_count": 19
      },
      "performance_metrics": {
        "em": 0.0,
        "f1": 0.008695652173913044,
        "recall": 0.004830917874396135,
        "precision": 0.043478260869565216,
        "success_only": {
          "em": 0.0,
          "f1": 0.06666666666666667,
          "recall": 0.037037037037037035,
          "precision": 0.3333333333333333,
          "count": 3
        },
        "failure_only": {
          "em": 0.0,
          "f1": 0.0,
          "recall": 0.0,
          "precision": 0.0,
          "count": 19
        }
      },
      "query_metrics": {
        "unparsable_sparql_queries": 0,
        "unavailable_sparql_queries": 0
      },
      "state_metrics": {
        "success": 3,
        "fail": 19,
        "init": 0,
        "error_api": 0,
        "unknown": 1,
        "success_rate": 0.13043478260869565,
        "failure_rate": 0.8260869565217391
      },
      "resource_metrics": {
        "avg_tokens_in": 19115.91304347826,
        "avg_tokens_out": 859.6086956521739,
        "avg_elapsed_time": 53127.13043478261,
        "avg_iteration": 5.956521739130435,
        "count": 23
      }
    },
    "geo": {
      "dataset_metrics": {
        "total_queries": 14,
        "evaluated_queries": 14,
        "success_count": 7,
        "failure_count": 7
      },
      "performance_metrics": {
        "em": 0.14285714285714285,
        "f1": 0.21645021645021645,
        "recall": 0.20714285714285713,
        "precision": 0.2380952380952381,
        "success_only": {
          "em": 0.2857142857142857,
          "f1": 0.4329004329004329,
          "recall": 0.41428571428571426,
          "precision": 0.4761904761904762,
          "count": 7
        },
        "failure_only": {
          "em": 0.0,
          "f1": 0.0,
          "recall": 0.0,
          "precision": 0.0,
          "count": 7
        }
      },
      "query_metrics": {
        "unparsable_sparql_queries": 0,
        "unavailable_sparql_queries": 0
      },
      "state_metrics": {
        "success": 7,
        "fail": 7,
        "init": 0,
        "error_api": 0,
        "unknown": 0,
        "success_rate": 0.5,
        "failure_rate": 0.5
      },
      "resource_metrics": {
        "avg_tokens_in": 19995.35714285714,
        "avg_tokens_out": 973.0,
        "avg_elapsed_time": 55922.21428571428,
        "avg_iteration": 6.714285714285714,
        "count": 14
      }
    },