{
  "metadata": {
    "commit_id": "5e507554e7591bf3e1500b8f32ab0205253aa1ca",
    "git_label": "v0.2.8-91-g5e507554",
    "model": "llama-3.3-70b-instruct",
    "knowledge_graph_files": "..\\knowledge-graph\\velektronik-graph-clean\\abox-en.ttl.gz ..\\knowledge-graph\\velektronik-graph-clean\\tbox.ttl"
  },
  "dataset_metrics": {
    "dataset_size": 58,
    "evaluation_size": 57,
    "success_count": 28,
    "failure_count": 29
  },
  "performance_metrics": {
    "success": {
      "em": 0.24561403508771928,
      "f1": 0.27361425695246505,
      "recall": 0.33242435395545444,
      "precision": 0.27535684722986725
    },
    "overall": {
      "em": 0.2413793103448276,
      "f1": 0.2688967697636294,
      "recall": 0.3266928995769121,
      "precision": 0.27060931538107647
    },
    "success_only": {
      "em": 0.4642857142857143,
      "f1": 0.5150908306619788,
      "recall": 0.635989010989011,
      "precision": 0.5167383437655632
    },
    "failure_only": {
      "em": 0.034482758620689655,
      "f1": 0.04046446164672766,
      "recall": 0.03932744371615845,
      "precision": 0.04229885057471264
    }
  },
  "query_metrics": {
    "unparsable_sparql_queries": 1,
    "unavailable_sparql_queries": 0
  },
  "state_metrics": {
    "success": 28,
    "fail": 30,
    "init": 0,
    "error_api": 0,
    "unknown": 0,
    "success_rate": 0.4827586206896552,
    "failure_rate": 0.5172413793103449
  },
  "resource_metrics": {
    "avg_tokens_in": 46352.87719298246,
    "avg_tokens_out": 909.7894736842105,
    "avg_elapsed_time": 71712.31578947368,
    "avg_iteration": 5.807017543859649
  }
}