{
  "metadata": {
    "commit_id": "5e507554e7591bf3e1500b8f32ab0205253aa1ca",
    "git_label": "v0.2.8-91-g5e507554",
    "model": "llama-3.3-70b-instruct",
    "knowledge_graph_files": "..\\knowledge-graph\\velektronik-graph-clean\\abox-en.ttl.gz ..\\knowledge-graph\\velektronik-graph-clean\\tbox.ttl"
  },
  "subjects": {
    "two triple patterns": {
      "dataset_metrics": {
        "total_queries": 14,
        "evaluated_queries": 14,
        "success_count": 6,
        "failure_count": 8
      },
      "performance_metrics": {
        "em": 0.21428571428571427,
        "f1": 0.25510204081632654,
        "recall": 0.2857142857142857,
        "precision": 0.24285714285714285,
        "success_only": {
          "em": 0.5,
          "f1": 0.5952380952380952,
          "recall": 0.6666666666666666,
          "precision": 0.5666666666666667,
          "count": 6
        },
        "failure_only": {
          "em": 0.0,
          "f1": 0.0,
          "recall": 0.0,
          "precision": 0.0,
          "count": 8
        }
      },
      "query_metrics": {
        "unparsable_sparql_queries": 0,
        "unavailable_sparql_queries": 0
      },
      "state_metrics": {
        "success": 6,
        "fail": 8,
        "init": 0,
        "error_api": 0,
        "unknown": 0,
        "success_rate": 0.42857142857142855,
        "failure_rate": 0.5714285714285714
      },
      "resource_metrics": {
        "avg_tokens_in": 16433.14285714286,
        "avg_tokens_out": 884.2857142857143,
        "avg_elapsed_time": 54211.21428571428,
        "avg_iteration": 5.857142857142857,
        "count": 14
      }
    },
    "one triple pattern": {
      "dataset_metrics": {
        "total_queries": 14,
        "evaluated_queries": 14,
        "success_count": 11,
        "failure_count": 3
      },
      "performance_metrics": {
        "em": 0.42857142857142855,
        "f1": 0.4645663802309257,
        "recall": 0.6428571428571429,
        "precision": 0.4516870831335281,
        "success_only": {
          "em": 0.5454545454545454,
          "f1": 0.5912663021120873,
          "recall": 0.8181818181818182,
          "precision": 0.5748744694426722,
          "count": 11
        },
        "failure_only": {
          "em": 0.0,
          "f1": 0.0,
          "recall": 0.0,
          "precision": 0.0,
          "count": 3
        }
      },
      "query_metrics": {
        "unparsable_sparql_queries": 0,
        "unavailable_sparql_queries": 0
      },
      "state_metrics": {
        "success": 11,
        "fail": 3,
        "init": 0,
        "error_api": 0,
        "unknown": 0,
        "success_rate": 0.7857142857142857,
        "failure_rate": 0.21428571428571427
      },
      "resource_metrics": {
        "avg_tokens_in": 12098.42857142857,
        "avg_tokens_out": 701.2142857142857,
        "avg_elapsed_time": 42346.78571428572,
        "avg_iteration": 5.0,
        "count": 14
      }
    },
    "four triple patterns": {
      "dataset_metrics": {
        "total_queries": 7,
        "evaluated_queries": 7,
        "success_count": 1,
        "failure_count": 5
      },
      "performance_metrics": {
        "em": 0.0,
        "f1": 0.0,
        "recall": 0.0,
        "precision": 0.0,
        "success_only": {
          "em": 0.0,
          "f1": 0.0,
          "recall": 0.0,
          "precision": 0.0,
          "count": 1
        },
        "failure_only": {
          "em": 0.0,
          "f1": 0.0,
          "recall": 0.0,
          "precision": 0.0,
          "count": 5
        }
      },
      "query_metrics": {
        "unparsable_sparql_queries": 0,
        "unavailable_sparql_queries": 0
      },
      "state_metrics": {
        "success": 1,
        "fail": 5,
        "init": 0,
        "error_api": 0,
        "unknown": 1,
        "success_rate": 0.14285714285714285,
        "failure_rate": 0.7142857142857143
      },
      "resource_metrics": {
        "avg_tokens_in": 23032.285714285714,
        "avg_tokens_out": 859.1428571428571,
        "avg_elapsed_time": 53205.857142857145,
        "avg_iteration": 6.428571428571429,
        "count": 7
      }
    },
    "keyfigure": {
      "dataset_metrics": {
        "total_queries": 15,
        "evaluated_queries": 15,
        "success_count": 1,
        "failure_count": 14
      },
      "performance_metrics": {
        "em": 0.0,
        "f1": 0.0,
        "recall": 0.0,
        "precision": 0.0,
        "success_only": {
          "em": 0.0,
          "f1": 0.0,
          "recall": 0.0,
          "precision": 0.0,
          "count": 1
        },
        "failure_only": {
          "em": 0.0,
          "f1": 0.0,
          "recall": 0.0,
          "precision": 0.0,
          "count": 14
        }
      },
      "query_metrics": {
        "unparsable_sparql_queries": 0,
        "unavailable_sparql_queries": 0
      },
      "state_metrics": {
        "success": 1,
        "fail": 14,
        "init": 0,
        "error_api": 0,
        "unknown": 0,
        "success_rate": 0.06666666666666667,
        "failure_rate": 0.9333333333333333
      },
      "resource_metrics": {
        "avg_tokens_in": 19087.466666666667,
        "avg_tokens_out": 840.3333333333334,
        "avg_elapsed_time": 52036.86666666667,
        "avg_iteration": 6.2,
        "count": 15
      }
    },
    "three triple patterns": {
      "dataset_metrics": {
        "total_queries": 23,
        "evaluated_queries": 23,
        "success_count": 4,
        "failure_count": 19
      },
      "performance_metrics": {
        "em": 0.043478260869565216,
        "f1": 0.05217391304347826,
        "recall": 0.04830917874396135,
        "precision": 0.08695652173913043,
        "success_only": {
          "em": 0.25,
          "f1": 0.3,
          "recall": 0.2777777777777778,
          "precision": 0.5,
          "count": 4
        },
        "failure_only": {
          "em": 0.0,
          "f1": 0.0,
          "recall": 0.0,
          "precision": 0.0,
          "count": 19
        }
      },
      "query_metrics": {
        "unparsable_sparql_queries": 0,
        "unavailable_sparql_queries": 0
      },
      "state_metrics": {
        "success": 4,
        "fail": 19,
        "init": 0,
        "error_api": 0,
        "unknown": 0,
        "success_rate": 0.17391304347826086,
        "failure_rate": 0.8260869565217391
      },
      "resource_metrics": {
        "avg_tokens_in": 18360.608695652172,
        "avg_tokens_out": 876.6086956521739,
        "avg_elapsed_time": 54642.13043478261,
        "avg_iteration": 5.913043478260869,
        "count": 23
      }
    },
    "geo": {
      "dataset_metrics": {
        "total_queries": 14,
        "evaluated_queries": 14,
        "success_count": 5,
        "failure_count": 8
      },
      "performance_metrics": {
        "em": 0.07142857142857142,
        "f1": 0.07142857142857142,
        "recall": 0.07142857142857142,
        "precision": 0.07142857142857142,
        "success_only": {
          "em": 0.2,
          "f1": 0.2,
          "recall": 0.2,
          "precision": 0.2,
          "count": 5
        },
        "failure_only": {
          "em": 0.0,
          "f1": 0.0,
          "recall": 0.0,
          "precision": 0.0,
          "count": 8
        }
      },
      "query_metrics": {
        "unparsable_sparql_queries": 0,
        "unavailable_sparql_queries": 0
      },
      "state_metrics": {
        "success": 5,
        "fail": 8,
        "init": 0,
        "error_api": 0,
        "unknown": 1,
        "success_rate": 0.35714285714285715,
        "failure_rate": 0.5714285714285714
      },
      "resource_metrics": {
        "avg_tokens_in": 19492.14285714286,
        "avg_tokens_out": 949.2857142857143,
        "avg_elapsed_time": 58935.28571428572,
        "avg_iteration": 6.357142857142857,
        "count": 14
      }
    },
    "supply": {
      "dataset_metrics": {
        "total_queries": 11,
        "evaluated_queries": 11,
        "success_count": 0,