{
  "metadata": {
    "commit_id": "5e507554e7591bf3e1500b8f32ab0205253aa1ca",
    "git_label": "v0.2.8-91-g5e507554",
    "model": "llama-3.3-70b-instruct",
    "knowledge_graph_files": "..\\knowledge-graph\\velektronik-graph-clean\\abox-en.ttl.gz ..\\knowledge-graph\\velektronik-graph-clean\\tbox.ttl"
  },
  "subjects": {
    "two triple patterns": {
      "dataset_metrics": {
        "total_queries": 14,
        "evaluated_queries": 14,
        "success_count": 9,
        "failure_count": 5
      },
      "performance_metrics": {
        "em": 0.5,
        "f1": 0.597275273745862,
        "recall": 0.6407249466950959,
        "precision": 0.574404761904762,
        "success_only": {
          "em": 0.7777777777777778,
          "f1": 0.9290948702713409,
          "recall": 0.9966832504145936,
          "precision": 0.8935185185185186,
          "count": 9
        },
        "failure_only": {
          "em": 0.0,
          "f1": 0.0,
          "recall": 0.0,
          "precision": 0.0,
          "count": 5
        }
      },
      "query_metrics": {
        "unparsable_sparql_queries": 0,
        "unavailable_sparql_queries": 0
      },
      "state_metrics": {
        "success": 9,
        "fail": 5,
        "init": 0,
        "error_api": 0,
        "unknown": 0,
        "success_rate": 0.6428571428571429,
        "failure_rate": 0.35714285714285715
      },
      "resource_metrics": {
        "avg_tokens_in": 21805.071428571428,
        "avg_tokens_out": 798.0714285714286,
        "avg_elapsed_time": 48561.5,
        "avg_iteration": 5.642857142857143,
        "count": 14
      }
    },
    "one triple pattern": {
      "dataset_metrics": {
        "total_queries": 14,
        "evaluated_queries": 14,
        "success_count": 9,
        "failure_count": 3
      },
      "performance_metrics": {
        "em": 0.21428571428571427,
        "f1": 0.2775951676729934,
        "recall": 0.4273182957393483,
        "precision": 0.25487988752669855,
        "success_only": {
          "em": 0.3333333333333333,
          "f1": 0.4318147052691008,
          "recall": 0.6647173489278752,
          "precision": 0.39647982504153106,
          "count": 9
        },
        "failure_only": {
          "em": 0.0,
          "f1": 0.0,
          "recall": 0.0,
          "precision": 0.0,
          "count": 3
        }
      },
      "query_metrics": {
        "unparsable_sparql_queries": 0,
        "unavailable_sparql_queries": 1
      },
      "state_metrics": {
        "success": 10,
        "fail": 3,
        "init": 0,
        "error_api": 0,
        "unknown": 1,
        "success_rate": 0.7142857142857143,
        "failure_rate": 0.21428571428571427
      },
      "resource_metrics": {
        "avg_tokens_in": 19557.846153846152,
        "avg_tokens_out": 728.6153846153846,
        "avg_elapsed_time": 44687.769230769234,
        "avg_iteration": 5.3076923076923075,
        "count": 13
      }
    },
    "four triple patterns": {
      "dataset_metrics": {
        "total_queries": 7,
        "evaluated_queries": 7,
        "success_count": 1,
        "failure_count": 6
      },
      "performance_metrics": {
        "em": 0.0,
        "f1": 0.028011204481792718,
        "recall": 0.14285714285714285,
        "precision": 0.015527950310559006,
        "success_only": {
          "em": 0.0,
          "f1": 0.19607843137254902,
          "recall": 1.0,
          "precision": 0.10869565217391304,
          "count": 1
        },
        "failure_only": {
          "em": 0.0,
          "f1": 0.0,
          "recall": 0.0,
          "precision": 0.0,
          "count": 6
        }
      },
      "query_metrics": {
        "unparsable_sparql_queries": 0,
        "unavailable_sparql_queries": 0
      },
      "state_metrics": {
        "success": 1,
        "fail": 6,
        "init": 0,
        "error_api": 0,
        "unknown": 0,
        "success_rate": 0.14285714285714285,
        "failure_rate": 0.8571428571428571
      },
      "resource_metrics": {
        "avg_tokens_in": 16863.0,
        "avg_tokens_out": 711.8571428571429,
        "avg_elapsed_time": 46757.0,
        "avg_iteration": 5.0,
        "count": 7
      }
    },
    "keyfigure": {
      "dataset_metrics": {
        "total_queries": 15,
        "evaluated_queries": 15,
        "success_count": 1,
        "failure_count": 14
      },
      "performance_metrics": {
        "em": 0.06666666666666667,
        "f1": 0.06666666666666667,
        "recall": 0.06666666666666667,
        "precision": 0.06666666666666667,
        "success_only": {
          "em": 1.0,
          "f1": 1.0,
          "recall": 1.0,
          "precision": 1.0,
          "count": 1
        },
        "failure_only": {
          "em": 0.0,
          "f1": 0.0,
          "recall": 0.0,
          "precision": 0.0,
          "count": 14
        }
      },
      "query_metrics": {
        "unparsable_sparql_queries": 0,
        "unavailable_sparql_queries": 0
      },
      "state_metrics": {
        "success": 1,
        "fail": 14,
        "init": 0,
        "error_api": 0,
        "unknown": 0,
        "success_rate": 0.06666666666666667,
        "failure_rate": 0.9333333333333333
      },
      "resource_metrics": {
        "avg_tokens_in": 20005.866666666665,
        "avg_tokens_out": 776.8666666666667,
        "avg_elapsed_time": 48013.73333333333,
        "avg_iteration": 5.666666666666667,
        "count": 15
      }
    },
    "three triple patterns": {
      "dataset_metrics": {
        "total_queries": 23,
        "evaluated_queries": 23,
        "success_count": 9,
        "failure_count": 14
      },
      "performance_metrics": {
        "em": 0.13043478260869565,
        "f1": 0.1837595188419776,
        "recall": 0.1984628897672376,
        "precision": 0.23324808184143225,
        "success_only": {
          "em": 0.3333333333333333,
          "f1": 0.46960765926283166,
          "recall": 0.5071829405162739,
          "precision": 0.5960784313725491,
          "count": 9
        },
        "failure_only": {
          "em": 0.0,
          "f1": 0.0,
          "recall": 0.0,
          "precision": 0.0,
          "count": 14
        }
      },
      "query_metrics": {
        "unparsable_sparql_queries": 0,
        "unavailable_sparql_queries": 0
      },
      "state_metrics": {
        "success": 9,
        "fail": 14,
        "init": 0,
        "error_api": 0,
        "unknown": 0,
        "success_rate": 0.391304347826087,
        "failure_rate": 0.6086956521739131
      },
      "resource_metrics": {
        "avg_tokens_in": 23349.17391304348,
        "avg_tokens_out": 903.0,
        "avg_elapsed_time": 55329.782608695656,
        "avg_iteration": 5.695652173913044,
        "count": 23
      }
    },
    "geo": {
      "dataset_metrics": {
        "total_queries": 14,
        "evaluated_queries": 14,
        "success_count": 10,
        "failure_count": 4
      },
      "performance_metrics": {
        "em": 0.35714285714285715,
        "f1": 0.4793735676088617,
        "recall": 0.5785714285714285,
        "precision": 0.5077639751552795,
        "success_only": {
          "em": 0.5,
          "f1": 0.6711229946524064,
          "recall": 0.8099999999999999,
          "precision": 0.7108695652173913,
          "count": 10
        },
        "failure_only": {
          "em": 0.0,
          "f1": 0.0,
          "recall": 0.0,
          "precision": 0.0,
          "count": 4
        }
      },
      "query_metrics": {
        "unparsable_sparql_queries": 0,
        "unavailable_sparql_queries": 0
      },
      "state_metrics": {
        "success": 10,
        "fail": 4,
        "init": 0,
        "error_api": 0,
        "unknown": 0,
        "success_rate": 0.7142857142857143,
        "failure_rate": 0.2857142857142857
      },
      "resource_metrics": {
        "avg_tokens_in": 19314.85714285714,
        "avg_tokens_out": 815.2857142857143,
        "avg_elapsed_time": 49220.142857142855,