{
  "metadata": {
    "commit_id": "5e507554e7591bf3e1500b8f32ab0205253aa1ca",
    "git_label": "v0.2.8-91-g5e507554",
    "model": "llama-3.3-70b-instruct",
    "knowledge_graph_files": "..\\knowledge-graph\\velektronik-graph-clean\\abox-en.ttl.gz ..\\knowledge-graph\\velektronik-graph-clean\\tbox.ttl"
  },
  "dataset_metrics": {
    "dataset_size": 58,
    "evaluation_size": 58,
    "success_count": 23,
    "failure_count": 35
  },
  "performance_metrics": {
    "success": {
      "em": 0.1206896551724138,
      "f1": 0.16411593520877385,
      "recall": 0.22988505747126436,
      "precision": 0.15192707263024652
    },
    "overall": {
      "em": 0.1206896551724138,
      "f1": 0.16411593520877385,
      "recall": 0.22988505747126436,
      "precision": 0.15192707263024652
    },
    "success_only": {
      "em": 0.30434782608695654,
      "f1": 0.4131448173689536,
      "recall": 0.5362318840579711,
      "precision": 0.38276111955410347
    },
    "failure_only": {
      "em": 0.0,
      "f1": 0.000468384074941452,
      "recall": 0.02857142857142857,
      "precision": 0.0002361275088547816
    }
  },
  "query_metrics": {
    "unparsable_sparql_queries": 0,
    "unavailable_sparql_queries": 0
  },
  "state_metrics": {
    "success": 23,
    "fail": 35,
    "init": 0,
    "error_api": 0,
    "unknown": 0,
    "success_rate": 0.39655172413793105,
    "failure_rate": 0.603448275862069
  },
  "resource_metrics": {
    "avg_tokens_in": 16829.96551724138,
    "avg_tokens_out": 836.0862068965517,
    "avg_elapsed_time": 57629.55172413793,
    "avg_iteration": 5.931034482758621
  }
}