{
  "metadata": {
    "commit_id": "5e507554e7591bf3e1500b8f32ab0205253aa1ca",
    "git_label": "v0.2.8-91-g5e507554",
    "model": "llama-3.3-70b-instruct",
    "knowledge_graph_files": "..\\knowledge-graph\\velektronik-graph-clean\\abox-en.ttl.gz ..\\knowledge-graph\\velektronik-graph-clean\\tbox.ttl"
  },
  "subjects": {
    "two triple patterns": {
      "dataset_metrics": {
        "total_queries": 14,
        "evaluated_queries": 14,
        "success_count": 7,
        "failure_count": 7
      },
      "performance_metrics": {
        "em": 0.07142857142857142,
        "f1": 0.21050642479213907,
        "recall": 0.2857142857142857,
        "precision": 0.17494145199063232,
        "success_only": {
          "em": 0.14285714285714285,
          "f1": 0.42101284958427815,
          "recall": 0.5714285714285714,
          "precision": 0.34988290398126465,
          "count": 7
        },
        "failure_only": {
          "em": 0.0,
          "f1": 0.0,
          "recall": 0.0,
          "precision": 0.0,
          "count": 7
        }
      },
      "query_metrics": {
        "unparsable_sparql_queries": 0,
        "unavailable_sparql_queries": 0
      },
      "state_metrics": {
        "success": 7,
        "fail": 7,
        "init": 0,
        "error_api": 0,
        "unknown": 0,
        "success_rate": 0.5,
        "failure_rate": 0.5
      },
      "resource_metrics": {
        "avg_tokens_in": 13050.07142857143,
        "avg_tokens_out": 746.3571428571429,
        "avg_elapsed_time": 50207.21428571428,
        "avg_iteration": 5.357142857142857,
        "count": 14
      }
    },
    "one triple pattern": {
      "dataset_metrics": {
        "total_queries": 14,
        "evaluated_queries": 14,
        "success_count": 9,
        "failure_count": 5
      },
      "performance_metrics": {
        "em": 0.2857142857142857,
        "f1": 0.31987984110520784,
        "recall": 0.42857142857142855,
        "precision": 0.3079176543575688,
        "success_only": {
          "em": 0.4444444444444444,
          "f1": 0.49759086394143437,
          "recall": 0.6666666666666666,
          "precision": 0.47898301788955144,
          "count": 9
        },
        "failure_only": {
          "em": 0.0,
          "f1": 0.0,
          "recall": 0.0,
          "precision": 0.0,
          "count": 5
        }
      },
      "query_metrics": {
        "unparsable_sparql_queries": 0,
        "unavailable_sparql_queries": 0
      },
      "state_metrics": {
        "success": 9,
        "fail": 5,
        "init": 0,
        "error_api": 0,
        "unknown": 0,
        "success_rate": 0.6428571428571429,
        "failure_rate": 0.35714285714285715
      },
      "resource_metrics": {
        "avg_tokens_in": 17261.071428571428,
        "avg_tokens_out": 809.2857142857143,
        "avg_elapsed_time": 54478.57142857143,
        "avg_iteration": 6.142857142857143,
        "count": 14
      }
    },
    "four triple patterns": {
      "dataset_metrics": {
        "total_queries": 7,
        "evaluated_queries": 7,
        "success_count": 1,
        "failure_count": 6
      },
      "performance_metrics": {
        "em": 0.0,
        "f1": 0.0,
        "recall": 0.0,
        "precision": 0.0,
        "success_only": {
          "em": 0.0,
          "f1": 0.0,
          "recall": 0.0,
          "precision": 0.0,
          "count": 1
        },
        "failure_only": {
          "em": 0.0,
          "f1": 0.0,
          "recall": 0.0,
          "precision": 0.0,
          "count": 6
        }
      },
      "query_metrics": {
        "unparsable_sparql_queries": 0,
        "unavailable_sparql_queries": 0
      },
      "state_metrics": {
        "success": 1,
        "fail": 6,
        "init": 0,
        "error_api": 0,
        "unknown": 0,
        "success_rate": 0.14285714285714285,
        "failure_rate": 0.8571428571428571
      },
      "resource_metrics": {
        "avg_tokens_in": 15886.714285714286,
        "avg_tokens_out": 763.5714285714286,
        "avg_elapsed_time": 55262.57142857143,
        "avg_iteration": 5.714285714285714,
        "count": 7
      }
    },
    "keyfigure": {
      "dataset_metrics": {
        "total_queries": 15,
        "evaluated_queries": 15,
        "success_count": 3,
        "failure_count": 12
      },
      "performance_metrics": {
        "em": 0.13333333333333333,
        "f1": 0.13333333333333333,
        "recall": 0.13333333333333333,
        "precision": 0.13333333333333333,
        "success_only": {
          "em": 0.6666666666666666,
          "f1": 0.6666666666666666,
          "recall": 0.6666666666666666,
          "precision": 0.6666666666666666,
          "count": 3
        },
        "failure_only": {
          "em": 0.0,
          "f1": 0.0,
          "recall": 0.0,
          "precision": 0.0,
          "count": 12
        }
      },
      "query_metrics": {
        "unparsable_sparql_queries": 0,
        "unavailable_sparql_queries": 0
      },
      "state_metrics": {
        "success": 3,
        "fail": 12,
        "init": 0,
        "error_api": 0,
        "unknown": 0,
        "success_rate": 0.2,
        "failure_rate": 0.8
      },
      "resource_metrics": {
        "avg_tokens_in": 15251.8,
        "avg_tokens_out": 795.7333333333333,
        "avg_elapsed_time": 61171.6,
        "avg_iteration": 5.666666666666667,
        "count": 15
      }
    },
    "three triple patterns": {
      "dataset_metrics": {
        "total_queries": 23,
        "evaluated_queries": 23,
        "success_count": 6,
        "failure_count": 17
      },
      "performance_metrics": {
        "em": 0.08695652173913043,
        "f1": 0.0910137617193925,
        "recall": 0.14492753623188406,
        "precision": 0.0892062053773688,
        "success_only": {
          "em": 0.3333333333333333,
          "f1": 0.3461538461538462,
          "recall": 0.3888888888888889,
          "precision": 0.34057971014492755,
          "count": 6
        },
        "failure_only": {
          "em": 0.0,
          "f1": 0.0009643201542912247,
          "recall": 0.058823529411764705,
          "precision": 0.0004861448711716092,
          "count": 17
        }
      },
      "query_metrics": {
        "unparsable_sparql_queries": 0,
        "unavailable_sparql_queries": 0
      },
      "state_metrics": {
        "success": 6,
        "fail": 17,
        "init": 0,
        "error_api": 0,
        "unknown": 0,
        "success_rate": 0.2608695652173913,
        "failure_rate": 0.7391304347826086
      },
      "resource_metrics": {
        "avg_tokens_in": 19155.434782608696,
        "avg_tokens_out": 929.0869565217391,
        "avg_elapsed_time": 64785.86956521739,
        "avg_iteration": 6.217391304347826,
        "count": 23
      }
    },
    "geo": {
      "dataset_metrics": {
        "total_queries": 14,
        "evaluated_queries": 14,
        "success_count": 6,
        "failure_count": 8
      },
      "performance_metrics": {
        "em": 0.0,
        "f1": 0.04879000780640125,
        "recall": 0.14285714285714285,
        "precision": 0.03630460448642266,
        "success_only": {
          "em": 0.0,
          "f1": 0.1111111111111111,
          "recall": 0.16666666666666666,
          "precision": 0.08333333333333333,
          "count": 6
        },
        "failure_only": {
          "em": 0.0,
          "f1": 0.0020491803278688526,
          "recall": 0.125,
          "precision": 0.0010330578512396695,
          "count": 8
        }
      },
      "query_metrics": {
        "unparsable_sparql_queries": 0,
        "unavailable_sparql_queries": 0
      },
      "state_metrics": {
        "success": 6,
        "fail": 8,
        "init": 0,
        "error_api": 0,
        "unknown": 0,
        "success_rate": 0.42857142857142855,
        "failure_rate": 0.5714285714285714
      },
      "resource_metrics": {
        "avg_tokens_in": 19736.85714285714,
        "avg_tokens_out": 1063.2857142857142,