{
  "metadata": {
    "commit_id": "5e507554e7591bf3e1500b8f32ab0205253aa1ca",
    "git_label": "v0.2.8-91-g5e507554",
    "model": "llama-3.3-70b-instruct",
    "knowledge_graph_files": "..\\knowledge-graph\\velektronik-graph-clean\\abox-en.ttl.gz ..\\knowledge-graph\\velektronik-graph-clean\\tbox.ttl"
  },
  "dataset_metrics": {
    "dataset_size": 58,
    "evaluation_size": 54,
    "success_count": 30,
    "failure_count": 24
  },
  "performance_metrics": {
    "success": {
      "em": 0.2222222222222222,
      "f1": 0.2549762574589686,
      "recall": 0.3055555555555556,
      "precision": 0.25439751871122307
    },
    "overall": {
      "em": 0.20689655172413793,
      "f1": 0.23739168797903973,
      "recall": 0.28448275862068967,
      "precision": 0.2368528622483801
    },
    "success_only": {
      "em": 0.4,
      "f1": 0.4589572634261435,
      "recall": 0.55,
      "precision": 0.4579155336802015
    },
    "failure_only": {
      "em": 0.0,
      "f1": 0.0,
      "recall": 0.0,
      "precision": 0.0
    }
  },
  "query_metrics": {
    "unparsable_sparql_queries": 2,
    "unavailable_sparql_queries": 2
  },
  "state_metrics": {
    "success": 32,
    "fail": 26,
    "init": 0,
    "error_api": 0,
    "unknown": 0,
    "success_rate": 0.5517241379310345,
    "failure_rate": 0.4482758620689655
  },
  "resource_metrics": {
    "avg_tokens_in": 37704.92592592593,
    "avg_tokens_out": 835.2592592592592,
    "avg_elapsed_time": 67413.57407407407,
    "avg_iteration": 5.62962962962963
  }
}