{
  "metadata": {
    "commit_id": "5e507554e7591bf3e1500b8f32ab0205253aa1ca",
    "git_label": "v0.2.8-91-g5e507554",
    "model": "llama-3.3-70b-instruct",
    "knowledge_graph_files": "..\\knowledge-graph\\velektronik-graph-clean\\abox-en.ttl.gz ..\\knowledge-graph\\velektronik-graph-clean\\tbox.ttl"
  },
  "dataset_metrics": {
    "dataset_size": 58,
    "evaluation_size": 58,
    "success_count": 30,
    "failure_count": 28
  },
  "performance_metrics": {
    "success": {
      "em": 0.2413793103448276,
      "f1": 0.32192024985657136,
      "recall": 0.4004344368153705,
      "precision": 0.33292230947570917
    },
    "overall": {
      "em": 0.2413793103448276,
      "f1": 0.32192024985657136,
      "recall": 0.4004344368153705,
      "precision": 0.33292230947570917
    },
    "success_only": {
      "em": 0.4666666666666667,
      "f1": 0.6222279781429616,
      "recall": 0.7408399111763829,
      "precision": 0.6435740407439468
    },
    "failure_only": {
      "em": 0.0,
      "f1": 0.00016196954972465177,
      "recall": 0.03571428571428571,
      "precision": 8.116883116883117e-05
    }
  },
  "query_metrics": {
    "unparsable_sparql_queries": 0,
    "unavailable_sparql_queries": 0
  },
  "state_metrics": {
    "success": 30,
    "fail": 28,
    "init": 0,
    "error_api": 0,
    "unknown": 0,
    "success_rate": 0.5172413793103449,
    "failure_rate": 0.4827586206896552
  },
  "resource_metrics": {
    "avg_tokens_in": 21277.931034482757,
    "avg_tokens_out": 830.8103448275862,
    "avg_elapsed_time": 51127.0,
    "avg_iteration": 5.4655172413793105
  }
}