{
  "metadata": {
    "commit_id": "5e507554e7591bf3e1500b8f32ab0205253aa1ca",
    "git_label": "v0.2.8-91-g5e507554",
    "model": "llama-3.3-70b-instruct",
    "knowledge_graph_files": "..\\knowledge-graph\\velektronik-graph-clean\\abox-en.ttl.gz ..\\knowledge-graph\\velektronik-graph-clean\\tbox.ttl"
  },
  "subjects": {
    "two triple patterns": {
      "dataset_metrics": {
        "total_queries": 14,
        "evaluated_queries": 14,
        "success_count": 7,
        "failure_count": 7
      },
      "performance_metrics": {
        "em": 0.21428571428571427,
        "f1": 0.25510204081632654,
        "recall": 0.2857142857142857,
        "precision": 0.24285714285714285,
        "success_only": {
          "em": 0.42857142857142855,
          "f1": 0.5102040816326531,
          "recall": 0.5714285714285714,
          "precision": 0.4857142857142857,
          "count": 7
        },
        "failure_only": {
          "em": 0.0,
          "f1": 0.0,
          "recall": 0.0,
          "precision": 0.0,
          "count": 7
        }
      },
      "query_metrics": {
        "unparsable_sparql_queries": 0,
        "unavailable_sparql_queries": 0
      },
      "state_metrics": {
        "success": 7,
        "fail": 7,
        "init": 0,
        "error_api": 0,
        "unknown": 0,
        "success_rate": 0.5,
        "failure_rate": 0.5
      },
      "resource_metrics": {
        "avg_tokens_in": 16995.571428571428,
        "avg_tokens_out": 872.5,
        "avg_elapsed_time": 61195.142857142855,
        "avg_iteration": 6.214285714285714,
        "count": 14
      }
    },
    "one triple pattern": {
      "dataset_metrics": {
        "total_queries": 14,
        "evaluated_queries": 14,
        "success_count": 11,
        "failure_count": 3
      },
      "performance_metrics": {
        "em": 0.21428571428571427,
        "f1": 0.28329029204498707,
        "recall": 0.5416765053128689,
        "precision": 0.2580191871737131,
        "success_only": {
          "em": 0.2727272727272727,
          "f1": 0.32245909128388883,
          "recall": 0.6,
          "precision": 0.30418630736894375,
          "count": 11
        },
        "failure_only": {
          "em": 0.0,
          "f1": 0.1396713615023474,
          "recall": 0.32782369146005513,
          "precision": 0.08873974645786727,
          "count": 3
        }
      },
      "query_metrics": {
        "unparsable_sparql_queries": 0,
        "unavailable_sparql_queries": 0
      },
      "state_metrics": {
        "success": 11,
        "fail": 3,
        "init": 0,
        "error_api": 0,
        "unknown": 0,
        "success_rate": 0.7857142857142857,
        "failure_rate": 0.21428571428571427
      },
      "resource_metrics": {
        "avg_tokens_in": 14085.42857142857,
        "avg_tokens_out": 745.4285714285714,
        "avg_elapsed_time": 52870.78571428572,
        "avg_iteration": 5.285714285714286,
        "count": 14
      }
    },
    "four triple patterns": {
      "dataset_metrics": {
        "total_queries": 7,
        "evaluated_queries": 7,
        "success_count": 1,
        "failure_count": 6
      },
      "performance_metrics": {
        "em": 0.0,
        "f1": 0.01098901098901099,
        "recall": 0.14285714285714285,
        "precision": 0.005714285714285714,
        "success_only": {
          "em": 0.0,
          "f1": 0.07692307692307693,
          "recall": 1.0,
          "precision": 0.04,
          "count": 1
        },
        "failure_only": {
          "em": 0.0,
          "f1": 0.0,
          "recall": 0.0,
          "precision": 0.0,
          "count": 6
        }
      },
      "query_metrics": {
        "unparsable_sparql_queries": 0,
        "unavailable_sparql_queries": 0
      },
      "state_metrics": {
        "success": 1,
        "fail": 6,
        "init": 0,
        "error_api": 0,
        "unknown": 0,
        "success_rate": 0.14285714285714285,
        "failure_rate": 0.8571428571428571
      },
      "resource_metrics": {
        "avg_tokens_in": 17481.428571428572,
        "avg_tokens_out": 834.0,
        "avg_elapsed_time": 51805.0,
        "avg_iteration": 5.857142857142857,
        "count": 7
      }
    },
    "keyfigure": {
      "dataset_metrics": {
        "total_queries": 15,
        "evaluated_queries": 15,
        "success_count": 2,
        "failure_count": 13
      },
      "performance_metrics": {
        "em": 0.06666666666666667,
        "f1": 0.07179487179487179,
        "recall": 0.13333333333333333,
        "precision": 0.06933333333333333,
        "success_only": {
          "em": 0.5,
          "f1": 0.5384615384615384,
          "recall": 1.0,
          "precision": 0.52,
          "count": 2
        },
        "failure_only": {
          "em": 0.0,
          "f1": 0.0,
          "recall": 0.0,
          "precision": 0.0,
          "count": 13
        }
      },
      "query_metrics": {
        "unparsable_sparql_queries": 0,
        "unavailable_sparql_queries": 0
      },
      "state_metrics": {
        "success": 2,
        "fail": 13,
        "init": 0,
        "error_api": 0,
        "unknown": 0,
        "success_rate": 0.13333333333333333,
        "failure_rate": 0.8666666666666667
      },
      "resource_metrics": {
        "avg_tokens_in": 15901.066666666668,
        "avg_tokens_out": 827.2666666666667,
        "avg_elapsed_time": 51088.666666666664,
        "avg_iteration": 5.866666666666666,
        "count": 15
      }
    },
    "three triple patterns": {
      "dataset_metrics": {
        "total_queries": 23,
        "evaluated_queries": 23,
        "success_count": 4,
        "failure_count": 19
      },
      "performance_metrics": {
        "em": 0.08695652173913043,
        "f1": 0.08695652173913043,
        "recall": 0.08695652173913043,
        "precision": 0.08695652173913043,
        "success_only": {
          "em": 0.5,
          "f1": 0.5,
          "recall": 0.5,
          "precision": 0.5,
          "count": 4
        },
        "failure_only": {
          "em": 0.0,
          "f1": 0.0,
          "recall": 0.0,
          "precision": 0.0,
          "count": 19
        }
      },
      "query_metrics": {
        "unparsable_sparql_queries": 0,
        "unavailable_sparql_queries": 0
      },
      "state_metrics": {
        "success": 4,
        "fail": 19,
        "init": 0,
        "error_api": 0,
        "unknown": 0,
        "success_rate": 0.17391304347826086,
        "failure_rate": 0.8260869565217391
      },
      "resource_metrics": {
        "avg_tokens_in": 17057.82608695652,
        "avg_tokens_out": 899.3478260869565,
        "avg_elapsed_time": 62618.565217391304,
        "avg_iteration": 6.043478260869565,
        "count": 23
      }
    },
    "geo": {
      "dataset_metrics": {
        "total_queries": 14,
        "evaluated_queries": 14,
        "success_count": 5,
        "failure_count": 9
      },
      "performance_metrics": {
        "em": 0.14285714285714285,
        "f1": 0.14285714285714285,
        "recall": 0.14285714285714285,
        "precision": 0.14285714285714285,
        "success_only": {
          "em": 0.4,
          "f1": 0.4,
          "recall": 0.4,
          "precision": 0.4,
          "count": 5
        },
        "failure_only": {
          "em": 0.0,
          "f1": 0.0,
          "recall": 0.0,
          "precision": 0.0,
          "count": 9
        }
      },
      "query_metrics": {
        "unparsable_sparql_queries": 0,
        "unavailable_sparql_queries": 0
      },
      "state_metrics": {
        "success": 5,
        "fail": 9,
        "init": 0,
        "error_api": 0,
        "unknown": 0,
        "success_rate": 0.35714285714285715,
        "failure_rate": 0.6428571428571429
      },
      "resource_metrics": {
        "avg_tokens_in": 19654.0,
        "avg_tokens_out": 1041.9285714285713,
        "avg_elapsed_time": 74446.64285714286,
        "avg_iteration": 6.642857142857143,
        "count": 14
      }
    },