{
  "metadata": {
    "commit_id": "a084b38e1d7b67039f0d60b14814ef1241c00fd7",
    "git_label": "v0.2.8-90-ga084b38e",
    "model": "llama-3.3-70b-instruct",
    "knowledge_graph_files": "..\\knowledge-graph\\velektronik-graph-clean\\abox-en.ttl.gz ..\\knowledge-graph\\velektronik-graph-clean\\tbox.ttl"
  },
  "subjects": {
    "two triple patterns": {
      "dataset_metrics": {
        "total_queries": 14,
        "evaluated_queries": 14,
        "success_count": 13,
        "failure_count": 1
      },
      "performance_metrics": {
        "em": 0.5,
        "f1": 0.5884353741496599,
        "recall": 0.6428571428571429,
        "precision": 0.5642857142857143,
        "success_only": {
          "em": 0.5384615384615384,
          "f1": 0.6336996336996337,
          "recall": 0.6923076923076923,
          "precision": 0.6076923076923078,
          "count": 13
        },
        "failure_only": {
          "em": 0.0,
          "f1": 0.0,
          "recall": 0.0,
          "precision": 0.0,
          "count": 1
        }
      },
      "query_metrics": {
        "unparsable_sparql_queries": 0,
        "unavailable_sparql_queries": 0
      },
      "state_metrics": {
        "success": 13,
        "fail": 1,
        "init": 0,
        "error_api": 0,
        "unknown": 0,
        "success_rate": 0.9285714285714286,
        "failure_rate": 0.07142857142857142
      },
      "resource_metrics": {
        "avg_tokens_in": 78020.42857142857,
        "avg_tokens_out": 919.4285714285714,
        "avg_elapsed_time": 114625.64285714286,
        "avg_iteration": 5.571428571428571,
        "count": 14
      }
    },
    "one triple pattern": {
      "dataset_metrics": {
        "total_queries": 14,
        "evaluated_queries": 14,
        "success_count": 11,
        "failure_count": 2
      },
      "performance_metrics": {
        "em": 0.42857142857142855,
        "f1": 0.4655118115030973,
        "recall": 0.5720188902007084,
        "precision": 0.5230224639467521,
        "success_only": {
          "em": 0.5454545454545454,
          "f1": 0.5924695782766692,
          "recall": 0.7280240420736288,
          "precision": 0.6656649541140481,
          "count": 11
        },
        "failure_only": {
          "em": 0.0,
          "f1": 0.0,
          "recall": 0.0,
          "precision": 0.0,
          "count": 2
        }
      },
      "query_metrics": {
        "unparsable_sparql_queries": 0,
        "unavailable_sparql_queries": 1
      },
      "state_metrics": {
        "success": 12,
        "fail": 2,
        "init": 0,
        "error_api": 0,
        "unknown": 0,
        "success_rate": 0.8571428571428571,
        "failure_rate": 0.14285714285714285
      },
      "resource_metrics": {
        "avg_tokens_in": 56785.61538461538,
        "avg_tokens_out": 671.2307692307693,
        "avg_elapsed_time": 85292.0,
        "avg_iteration": 4.769230769230769,
        "count": 13
      }
    },
    "four triple patterns": {
      "dataset_metrics": {
        "total_queries": 7,
        "evaluated_queries": 7,
        "success_count": 2,
        "failure_count": 5
      },
      "performance_metrics": {
        "em": 0.14285714285714285,
        "f1": 0.14285714285714285,
        "recall": 0.14285714285714285,
        "precision": 0.14285714285714285,
        "success_only": {
          "em": 0.5,
          "f1": 0.5,
          "recall": 0.5,
          "precision": 0.5,
          "count": 2
        },
        "failure_only": {
          "em": 0.0,
          "f1": 0.0,
          "recall": 0.0,
          "precision": 0.0,
          "count": 5
        }
      },
      "query_metrics": {
        "unparsable_sparql_queries": 0,
        "unavailable_sparql_queries": 0
      },
      "state_metrics": {
        "success": 2,
        "fail": 5,
        "init": 0,
        "error_api": 0,
        "unknown": 0,
        "success_rate": 0.2857142857142857,
        "failure_rate": 0.7142857142857143
      },
      "resource_metrics": {
        "avg_tokens_in": 69749.42857142857,
        "avg_tokens_out": 907.5714285714286,
        "avg_elapsed_time": 142290.57142857142,
        "avg_iteration": 5.428571428571429,
        "count": 7
      }
    },
    "keyfigure": {
      "dataset_metrics": {
        "total_queries": 15,
        "evaluated_queries": 15,
        "success_count": 6,
        "failure_count": 8
      },
      "performance_metrics": {
        "em": 0.0,
        "f1": 0.03835616438356163,
        "recall": 0.03111111111111111,
        "precision": 0.05,
        "success_only": {
          "em": 0.0,
          "f1": 0.09589041095890409,
          "recall": 0.07777777777777778,
          "precision": 0.125,
          "count": 6
        },
        "failure_only": {
          "em": 0.0,
          "f1": 0.0,
          "recall": 0.0,
          "precision": 0.0,
          "count": 8
        }
      },
      "query_metrics": {
        "unparsable_sparql_queries": 0,
        "unavailable_sparql_queries": 0
      },
      "state_metrics": {
        "success": 6,
        "fail": 8,
        "init": 0,
        "error_api": 0,
        "unknown": 1,
        "success_rate": 0.4,
        "failure_rate": 0.5333333333333333
      },
      "resource_metrics": {
        "avg_tokens_in": 87444.2,
        "avg_tokens_out": 929.4666666666667,
        "avg_elapsed_time": 176798.13333333333,
        "avg_iteration": 6.4,
        "count": 15
      }
    },
    "three triple patterns": {
      "dataset_metrics": {
        "total_queries": 23,
        "evaluated_queries": 23,
        "success_count": 11,
        "failure_count": 11
      },
      "performance_metrics": {
        "em": 0.21739130434782608,
        "f1": 0.299943399041632,
        "recall": 0.41594202898550725,
        "precision": 0.3073283148194192,
        "success_only": {
          "em": 0.45454545454545453,
          "f1": 0.6256690917830067,
          "recall": 0.6878787878787879,
          "precision": 0.6418495297805642,
          "count": 11
        },
        "failure_only": {
          "em": 0.0,
          "f1": 0.001485288031314782,
          "recall": 0.18181818181818182,
          "precision": 0.0007460375691305137,
          "count": 11
        }
      },
      "query_metrics": {
        "unparsable_sparql_queries": 0,
        "unavailable_sparql_queries": 0
      },
      "state_metrics": {
        "success": 11,
        "fail": 11,
        "init": 0,
        "error_api": 0,
        "unknown": 1,
        "success_rate": 0.4782608695652174,
        "failure_rate": 0.4782608695652174
      },
      "resource_metrics": {
        "avg_tokens_in": 105141.0,
        "avg_tokens_out": 955.8260869565217,
        "avg_elapsed_time": 154201.0,
        "avg_iteration": 6.304347826086956,
        "count": 23
      }
    },
    "geo": {
      "dataset_metrics": {
        "total_queries": 14,
        "evaluated_queries": 14,
        "success_count": 11,
        "failure_count": 3
      },
      "performance_metrics": {
        "em": 0.42857142857142855,
        "f1": 0.5357142857142857,
        "recall": 0.5785714285714285,
        "precision": 0.5357142857142857,
        "success_only": {
          "em": 0.5454545454545454,
          "f1": 0.6818181818181818,
          "recall": 0.7363636363636363,
          "precision": 0.6818181818181818,
          "count": 11
        },
        "failure_only": {
          "em": 0.0,
          "f1": 0.0,
          "recall": 0.0,
          "precision": 0.0,
          "count": 3
        }
      },
      "query_metrics": {
        "unparsable_sparql_queries": 0,
        "unavailable_sparql_queries": 0
      },
      "state_metrics": {
        "success": 11,
        "fail": 3,
        "init": 0,
        "error_api": 0,
        "unknown": 0,
        "success_rate": 0.7857142857142857,
        "failure_rate": 0.21428571428571427
      },
      "resource_metrics": {
        "avg_tokens_in": 124946.85714285714,
        "avg_tokens_out": 1041.0,